INSERT INTO wcsdb.TB_COM_CODE_MST (CO_CD,COM_HDR_CD,COM_HDR_NM,COM_DTL_CD,COM_DTL_NM,USE_YN,HDR_FLAG,SORT_SEQ,REG_ID,REG_DT,UPD_ID,UPD_DT) VALUES ('LGWCS','ABNORM_INOUT_TYPE','BIN이상등록작업구분','ABNORM_INOUT_TYPE','BIN이상등록작업구분','Y','Y',10,'SMARTWCS','2022-04-12 05:45:04','SMARTWCS','2022-06-08 16:01:18');
INSERT INTO wcsdb.TB_COM_CODE_MST (CO_CD,COM_HDR_CD,COM_HDR_NM,COM_DTL_CD,COM_DTL_NM,USE_YN,HDR_FLAG,SORT_SEQ,REG_ID,REG_DT,UPD_ID,UPD_DT) VALUES ('LGWCS','ABNORM_INOUT_TYPE','BIN이상등록작업구분','INBD','입고','Y','N',20,'SMARTWCS','2022-04-12 05:45:04','ADMIN','2022-10-12 17:14:41');
INSERT INTO wcsdb.TB_COM_CODE_MST (CO_CD,COM_HDR_CD,COM_HDR_NM,COM_DTL_CD,COM_DTL_NM,USE_YN,HDR_FLAG,SORT_SEQ,REG_ID,REG_DT,UPD_ID,UPD_DT) VALUES ('LGWCS','ABNORM_INOUT_TYPE','BIN이상등록작업구분','OBND','출고','Y','N',30,'SMARTWCS','2022-04-12 05:45:04','SMARTWCS','2022-04-12 05:45:04');
INSERT INTO wcsdb.TB_COM_CODE_MST (CO_CD,COM_HDR_CD,COM_HDR_NM,COM_DTL_CD,COM_DTL_NM,USE_YN,HDR_FLAG,SORT_SEQ,REG_ID,REG_DT,UPD_ID,UPD_DT) VALUES ('LGWCS','ABNORM_INOUT_TYPE','BIN이상등록작업구분','STTK','재고실사','Y','N',40,'SMARTWCS','2022-04-12 05:45:04','SMARTWCS','2022-04-12 05:45:04');
INSERT INTO wcsdb.TB_COM_CODE_MST (CO_CD,COM_HDR_CD,COM_HDR_NM,COM_DTL_CD,COM_DTL_NM,USE_YN,HDR_FLAG,SORT_SEQ,REG_ID,REG_DT,UPD_ID,UPD_DT) VALUES ('LGWCS','ABNORM_RSN_CD','BIN이상등록작업코드','10','재고수량오류','Y','N',20,'SMARTWCS','2022-04-12 05:45:05','SMARTWCS','2022-04-12 05:45:05');
INSERT INTO wcsdb.TB_COM_CODE_MST (CO_CD,COM_HDR_CD,COM_HDR_NM,COM_DTL_CD,COM_DTL_NM,USE_YN,HDR_FLAG,SORT_SEQ,REG_ID,REG_DT,UPD_ID,UPD_DT) VALUES ('LGWCS','ABNORM_RSN_CD','BIN이상등록작업코드','20','DIVIDER오류','Y','N',30,'SMARTWCS','2022-04-12 05:45:05','SMARTWCS','2022-04-12 05:45:05');
INSERT INTO wcsdb.TB_COM_CODE_MST (CO_CD,COM_HDR_CD,COM_HDR_NM,COM_DTL_CD,COM_DTL_NM,USE_YN,HDR_FLAG,SORT_SEQ,REG_ID,REG_DT,UPD_ID,UPD_DT) VALUES ('LGWCS','ABNORM_RSN_CD','BIN이상등록작업코드','30','기타','Y','N',40,'SMARTWCS','2022-04-12 05:45:05','SMARTWCS','2022-04-12 05:45:05');
INSERT INTO wcsdb.TB_COM_CODE_MST (CO_CD,COM_HDR_CD,COM_HDR_NM,COM_DTL_CD,COM_DTL_NM,USE_YN,HDR_FLAG,SORT_SEQ,REG_ID,REG_DT,UPD_ID,UPD_DT) VALUES ('LGWCS','ABNORM_RSN_CD','BIN이상등록작업코드','EXCEPT_REASON_CD','BIN이상등록작업코드','Y','Y',10,'SMARTWCS','2022-04-12 05:45:05','SMARTWCS','2022-04-12 05:45:05');
INSERT INTO wcsdb.TB_COM_CODE_MST (CO_CD,COM_HDR_CD,COM_HDR_NM,COM_DTL_CD,COM_DTL_NM,USE_YN,HDR_FLAG,SORT_SEQ,REG_ID,REG_DT,UPD_ID,UPD_DT) VALUES ('LGWCS','BIN_DIVIDER_TYPE','BIN종류','1','1구역','Y','N',20,'SMARTWCS','2022-04-12 05:45:05','SMARTWCS','2022-04-12 05:45:05');
INSERT INTO wcsdb.TB_COM_CODE_MST (CO_CD,COM_HDR_CD,COM_HDR_NM,COM_DTL_CD,COM_DTL_NM,USE_YN,HDR_FLAG,SORT_SEQ,REG_ID,REG_DT,UPD_ID,UPD_DT) VALUES ('LGWCS','BIN_DIVIDER_TYPE','BIN종류','2','2구역','Y','N',30,'SMARTWCS','2022-04-12 05:45:05','SMARTWCS','2022-04-12 05:45:05');
INSERT INTO wcsdb.TB_COM_CODE_MST (CO_CD,COM_HDR_CD,COM_HDR_NM,COM_DTL_CD,COM_DTL_NM,USE_YN,HDR_FLAG,SORT_SEQ,REG_ID,REG_DT,UPD_ID,UPD_DT) VALUES ('LGWCS','BIN_DIVIDER_TYPE','BIN종류','4','4구역','Y','N',40,'SMARTWCS','2022-04-12 05:45:05','SMARTWCS','2022-04-12 05:45:05');
INSERT INTO wcsdb.TB_COM_CODE_MST (CO_CD,COM_HDR_CD,COM_HDR_NM,COM_DTL_CD,COM_DTL_NM,USE_YN,HDR_FLAG,SORT_SEQ,REG_ID,REG_DT,UPD_ID,UPD_DT) VALUES ('LGWCS','BIN_DIVIDER_TYPE','NULL','All','All','Y','N',0,'SMARTWCS','2022-04-12 05:45:06','SMARTWCS','2022-04-12 05:45:06');
INSERT INTO wcsdb.TB_COM_CODE_MST (CO_CD,COM_HDR_CD,COM_HDR_NM,COM_DTL_CD,COM_DTL_NM,USE_YN,HDR_FLAG,SORT_SEQ,REG_ID,REG_DT,UPD_ID,UPD_DT) VALUES ('LGWCS','BIN_DIVIDER_TYPE','BIN종류','BIN_DIVIDER_TYPE','BIN종류','Y','Y',111,'SMARTWCS','2022-04-12 05:45:06','SMARTWCS','2022-04-12 05:45:06');
INSERT INTO wcsdb.TB_COM_CODE_MST (CO_CD,COM_HDR_CD,COM_HDR_NM,COM_DTL_CD,COM_DTL_NM,USE_YN,HDR_FLAG,SORT_SEQ,REG_ID,REG_DT,UPD_ID,UPD_DT) VALUES ('LGWCS','BKGD_COLOR','Background Color','BKGD_COLOR','Background Color','Y','Y',10,'SMARTWCS','2022-04-12 05:45:14','SMARTWCS','2022-04-12 05:45:14');
INSERT INTO wcsdb.TB_COM_CODE_MST (CO_CD,COM_HDR_CD,COM_HDR_NM,COM_DTL_CD,COM_DTL_NM,USE_YN,HDR_FLAG,SORT_SEQ,REG_ID,REG_DT,UPD_ID,UPD_DT) VALUES ('LGWCS','BKGD_COLOR','Background Color','BLUE','BLUE','Y','N',40,'SMARTWCS','2022-04-12 05:45:13','SMARTWCS','2022-04-12 05:45:13');
INSERT INTO wcsdb.TB_COM_CODE_MST (CO_CD,COM_HDR_CD,COM_HDR_NM,COM_DTL_CD,COM_DTL_NM,USE_YN,HDR_FLAG,SORT_SEQ,REG_ID,REG_DT,UPD_ID,UPD_DT) VALUES ('LGWCS','BKGD_COLOR','Background Color','GREEN','GREEN','Y','N',30,'SMARTWCS','2022-04-12 05:45:13','SMARTWCS','2022-04-12 05:45:13');
INSERT INTO wcsdb.TB_COM_CODE_MST (CO_CD,COM_HDR_CD,COM_HDR_NM,COM_DTL_CD,COM_DTL_NM,USE_YN,HDR_FLAG,SORT_SEQ,REG_ID,REG_DT,UPD_ID,UPD_DT) VALUES ('LGWCS','BKGD_COLOR','Background Color','LGRED','LG RED','Y','N',20,'SMARTWCS','2022-04-12 05:45:13','SMARTWCS','2022-04-12 05:45:13');
INSERT INTO wcsdb.TB_COM_CODE_MST (CO_CD,COM_HDR_CD,COM_HDR_NM,COM_DTL_CD,COM_DTL_NM,USE_YN,HDR_FLAG,SORT_SEQ,REG_ID,REG_DT,UPD_ID,UPD_DT) VALUES ('LGWCS','BKGD_COLOR','Background Color','SKYBLUE','SKY BLUE','Y','N',50,'SMARTWCS','2022-04-12 05:45:14','SMARTWCS','2022-04-12 05:45:14');
INSERT INTO wcsdb.TB_COM_CODE_MST (CO_CD,COM_HDR_CD,COM_HDR_NM,COM_DTL_CD,COM_DTL_NM,USE_YN,HDR_FLAG,SORT_SEQ,REG_ID,REG_DT,UPD_ID,UPD_DT) VALUES ('LGWCS','CONTENT_CODE','A/S용BIN재고현황','10','Empty Bin','Y','N',20,'SMARTWCS','2022-04-12 05:45:06','SMARTWCS','2022-04-12 05:45:06');
INSERT INTO wcsdb.TB_COM_CODE_MST (CO_CD,COM_HDR_CD,COM_HDR_NM,COM_DTL_CD,COM_DTL_NM,USE_YN,HDR_FLAG,SORT_SEQ,REG_ID,REG_DT,UPD_ID,UPD_DT) VALUES ('LGWCS','CONTENT_CODE','A/S용BIN재고현황','11','1/1','Y','N',30,'SMARTWCS','2022-04-12 05:45:06','SMARTWCS','2022-04-12 05:45:06');
INSERT INTO wcsdb.TB_COM_CODE_MST (CO_CD,COM_HDR_CD,COM_HDR_NM,COM_DTL_CD,COM_DTL_NM,USE_YN,HDR_FLAG,SORT_SEQ,REG_ID,REG_DT,UPD_ID,UPD_DT) VALUES ('LGWCS','CONTENT_CODE','A/S용BIN재고현황','20','Both Empty Bin','Y','N',40,'SMARTWCS','2022-04-12 05:45:06','SMARTWCS','2022-04-12 05:45:06');
INSERT INTO wcsdb.TB_COM_CODE_MST (CO_CD,COM_HDR_CD,COM_HDR_NM,COM_DTL_CD,COM_DTL_NM,USE_YN,HDR_FLAG,SORT_SEQ,REG_ID,REG_DT,UPD_ID,UPD_DT) VALUES ('LGWCS','CONTENT_CODE','A/S용BIN재고현황','21','1/2','Y','N',50,'SMARTWCS','2022-04-12 05:45:06','SMARTWCS','2022-04-12 05:45:06');
INSERT INTO wcsdb.TB_COM_CODE_MST (CO_CD,COM_HDR_CD,COM_HDR_NM,COM_DTL_CD,COM_DTL_NM,USE_YN,HDR_FLAG,SORT_SEQ,REG_ID,REG_DT,UPD_ID,UPD_DT) VALUES ('LGWCS','CONTENT_CODE','A/S용BIN재고현황','22','2/2','Y','N',60,'SMARTWCS','2022-04-12 05:45:06','SMARTWCS','2022-04-12 05:45:06');
INSERT INTO wcsdb.TB_COM_CODE_MST (CO_CD,COM_HDR_CD,COM_HDR_NM,COM_DTL_CD,COM_DTL_NM,USE_YN,HDR_FLAG,SORT_SEQ,REG_ID,REG_DT,UPD_ID,UPD_DT) VALUES ('LGWCS','CONTENT_CODE','A/S용BIN재고현황','40','All Empty Bin','Y','N',70,'SMARTWCS','2022-04-12 05:45:07','SMARTWCS','2022-04-12 05:45:07');
INSERT INTO wcsdb.TB_COM_CODE_MST (CO_CD,COM_HDR_CD,COM_HDR_NM,COM_DTL_CD,COM_DTL_NM,USE_YN,HDR_FLAG,SORT_SEQ,REG_ID,REG_DT,UPD_ID,UPD_DT) VALUES ('LGWCS','CONTENT_CODE','A/S용BIN재고현황','41','1/4','Y','N',80,'SMARTWCS','2022-04-12 05:45:07','SMARTWCS','2022-04-12 05:45:07');
INSERT INTO wcsdb.TB_COM_CODE_MST (CO_CD,COM_HDR_CD,COM_HDR_NM,COM_DTL_CD,COM_DTL_NM,USE_YN,HDR_FLAG,SORT_SEQ,REG_ID,REG_DT,UPD_ID,UPD_DT) VALUES ('LGWCS','CONTENT_CODE','A/S용BIN재고현황','42','2/4','Y','N',90,'SMARTWCS','2022-04-12 05:45:07','SMARTWCS','2022-04-12 05:45:07');
INSERT INTO wcsdb.TB_COM_CODE_MST (CO_CD,COM_HDR_CD,COM_HDR_NM,COM_DTL_CD,COM_DTL_NM,USE_YN,HDR_FLAG,SORT_SEQ,REG_ID,REG_DT,UPD_ID,UPD_DT) VALUES ('LGWCS','CONTENT_CODE','A/S용BIN재고현황','43','3/4','Y','N',100,'SMARTWCS','2022-04-12 05:45:07','SMARTWCS','2022-04-12 05:45:07');
INSERT INTO wcsdb.TB_COM_CODE_MST (CO_CD,COM_HDR_CD,COM_HDR_NM,COM_DTL_CD,COM_DTL_NM,USE_YN,HDR_FLAG,SORT_SEQ,REG_ID,REG_DT,UPD_ID,UPD_DT) VALUES ('LGWCS','CONTENT_CODE','A/S용BIN재고현황','44','4/4','Y','N',110,'SMARTWCS','2022-04-12 05:45:07','SMARTWCS','2022-04-12 05:45:07');
INSERT INTO wcsdb.TB_COM_CODE_MST (CO_CD,COM_HDR_CD,COM_HDR_NM,COM_DTL_CD,COM_DTL_NM,USE_YN,HDR_FLAG,SORT_SEQ,REG_ID,REG_DT,UPD_ID,UPD_DT) VALUES ('LGWCS','CONTENT_CODE','NULL','All','All','Y','N',0,'SMARTWCS','2022-04-12 05:45:07','SMARTWCS','2022-04-12 05:45:07');
INSERT INTO wcsdb.TB_COM_CODE_MST (CO_CD,COM_HDR_CD,COM_HDR_NM,COM_DTL_CD,COM_DTL_NM,USE_YN,HDR_FLAG,SORT_SEQ,REG_ID,REG_DT,UPD_ID,UPD_DT) VALUES ('LGWCS','CONTENT_CODE','A/S용BIN재고현황','CONTENT_CODE','A/S용BIN재고현황','Y','Y',10,'SMARTWCS','2022-04-12 05:45:08','SMARTWCS','2022-04-12 05:45:08');
INSERT INTO wcsdb.TB_COM_CODE_MST (CO_CD,COM_HDR_CD,COM_HDR_NM,COM_DTL_CD,COM_DTL_NM,USE_YN,HDR_FLAG,SORT_SEQ,REG_ID,REG_DT,UPD_ID,UPD_DT) VALUES ('LGWCS','EQP_TYPE','설비 타입','AS','Autostore','Y','N',30,'SMARTWCS','2022-04-12 05:45:13','SMARTWCS','2022-04-12 05:45:13');
INSERT INTO wcsdb.TB_COM_CODE_MST (CO_CD,COM_HDR_CD,COM_HDR_NM,COM_DTL_CD,COM_DTL_NM,USE_YN,HDR_FLAG,SORT_SEQ,REG_ID,REG_DT,UPD_ID,UPD_DT) VALUES ('LGWCS','EQP_TYPE','설비 타입','EQP_TYPE','설비 타입','Y','Y',10,'SMARTWCS','2022-04-12 05:45:14','SMARTWCS','2022-04-12 05:45:14');
INSERT INTO wcsdb.TB_COM_CODE_MST (CO_CD,COM_HDR_CD,COM_HDR_NM,COM_DTL_CD,COM_DTL_NM,USE_YN,HDR_FLAG,SORT_SEQ,REG_ID,REG_DT,UPD_ID,UPD_DT) VALUES ('LGWCS','EQP_TYPE','설비 타입','ETC','ETC.','Y','N',40,'SMARTWCS','2022-04-12 05:45:13','SMARTWCS','2022-04-12 05:45:13');
INSERT INTO wcsdb.TB_COM_CODE_MST (CO_CD,COM_HDR_CD,COM_HDR_NM,COM_DTL_CD,COM_DTL_NM,USE_YN,HDR_FLAG,SORT_SEQ,REG_ID,REG_DT,UPD_ID,UPD_DT) VALUES ('LGWCS','ERR_MSG','Error Message','ERR_MSG','Error Message','Y','Y',10,'SMARTWCS','2022-04-12 05:45:14','SMARTWCS','2022-04-12 05:45:14');
INSERT INTO wcsdb.TB_COM_CODE_MST (CO_CD,COM_HDR_CD,COM_HDR_NM,COM_DTL_CD,COM_DTL_NM,USE_YN,HDR_FLAG,SORT_SEQ,REG_ID,REG_DT,UPD_ID,UPD_DT) VALUES ('LGWCS','ERR_MSG','Error Message','LOGIN_FAILED','로그인을 5회 이상 실패하였습니다.<BR/> 관리자에게 문의하세요','Y','N',50,'SMARTWCS','2022-11-04 17:24:26','SMARTWCS','2022-11-04 17:24:26');
INSERT INTO wcsdb.TB_COM_CODE_MST (CO_CD,COM_HDR_CD,COM_HDR_NM,COM_DTL_CD,COM_DTL_NM,USE_YN,HDR_FLAG,SORT_SEQ,REG_ID,REG_DT,UPD_ID,UPD_DT) VALUES ('LGWCS','ERR_MSG','Error Message','NO_MATCH_ID_PW','ID 또는 비밀번호가 일치 하지 않습니다.','Y','N',30,'SMARTWCS','2022-04-12 05:45:13','SMARTWCS','2022-04-12 05:45:13');
INSERT INTO wcsdb.TB_COM_CODE_MST (CO_CD,COM_HDR_CD,COM_HDR_NM,COM_DTL_CD,COM_DTL_NM,USE_YN,HDR_FLAG,SORT_SEQ,REG_ID,REG_DT,UPD_ID,UPD_DT) VALUES ('LGWCS','ERR_MSG','Error Message','NO_USER_ID','UserID를 찾을 수 없습니다.','Y','N',40,'SMARTWCS','2022-04-12 05:45:13','SMARTWCS','2022-04-12 05:45:13');
INSERT INTO wcsdb.TB_COM_CODE_MST (CO_CD,COM_HDR_CD,COM_HDR_NM,COM_DTL_CD,COM_DTL_NM,USE_YN,HDR_FLAG,SORT_SEQ,REG_ID,REG_DT,UPD_ID,UPD_DT) VALUES ('LGWCS','ERR_MSG','Error Message','PERIOD_PASSED','비밀번호 변경 기간(90일)이 지났습니다. 비밀번호를 변경하세요.','Y','N',50,'SMARTWCS','2022-04-12 05:45:13','SMARTWCS','2022-04-12 05:45:13');
INSERT INTO wcsdb.TB_COM_CODE_MST (CO_CD,COM_HDR_CD,COM_HDR_NM,COM_DTL_CD,COM_DTL_NM,USE_YN,HDR_FLAG,SORT_SEQ,REG_ID,REG_DT,UPD_ID,UPD_DT) VALUES ('LGWCS','ERR_MSG','Error Message','PWD_INIT','비밀번호를 변경하세요.','Y','N',50,'SMARTWCS','2022-04-12 05:45:13','SMARTWCS','2022-04-12 05:45:13');
INSERT INTO wcsdb.TB_COM_CODE_MST (CO_CD,COM_HDR_CD,COM_HDR_NM,COM_DTL_CD,COM_DTL_NM,USE_YN,HDR_FLAG,SORT_SEQ,REG_ID,REG_DT,UPD_ID,UPD_DT) VALUES ('LGWCS','ERR_MSG','Error Message','WRONG_LOGIN_INFO','로그인 계정 정보가 올바르지 않습니다.','Y','N',50,'SMARTWCS','2022-04-12 05:45:13','SMARTWCS','2022-04-12 05:45:13');
INSERT INTO wcsdb.TB_COM_CODE_MST (CO_CD,COM_HDR_CD,COM_HDR_NM,COM_DTL_CD,COM_DTL_NM,USE_YN,HDR_FLAG,SORT_SEQ,REG_ID,REG_DT,UPD_ID,UPD_DT) VALUES ('LGWCS','EXCEPT_INOUT_TYPE','BIN예외처리작업구분','EXCEPT_INOUT_TYPE','BIN예외처리작업구분','Y','Y',10,'SMARTWCS','2022-04-12 05:45:08','SMARTWCS','2022-04-12 05:45:08');
INSERT INTO wcsdb.TB_COM_CODE_MST (CO_CD,COM_HDR_CD,COM_HDR_NM,COM_DTL_CD,COM_DTL_NM,USE_YN,HDR_FLAG,SORT_SEQ,REG_ID,REG_DT,UPD_ID,UPD_DT) VALUES ('LGWCS','EXCEPT_INOUT_TYPE','BIN예외처리작업구분','REPT','입고작업','Y','N',20,'SMARTWCS','2022-04-12 05:45:08','SMARTWCS','2022-04-12 05:45:08');
INSERT INTO wcsdb.TB_COM_CODE_MST (CO_CD,COM_HDR_CD,COM_HDR_NM,COM_DTL_CD,COM_DTL_NM,USE_YN,HDR_FLAG,SORT_SEQ,REG_ID,REG_DT,UPD_ID,UPD_DT) VALUES ('LGWCS','EXCEPT_INOUT_TYPE','BIN예외처리작업구분','SHIP','출고작업','Y','N',30,'SMARTWCS','2022-04-12 05:45:08','SMARTWCS','2022-04-12 05:45:08');
INSERT INTO wcsdb.TB_COM_CODE_MST (CO_CD,COM_HDR_CD,COM_HDR_NM,COM_DTL_CD,COM_DTL_NM,USE_YN,HDR_FLAG,SORT_SEQ,REG_ID,REG_DT,UPD_ID,UPD_DT) VALUES ('LGWCS','EXCEPT_INOUT_TYPE','BIN예외처리작업구분','STTK','재고실사','Y','N',40,'SMARTWCS','2022-04-12 05:45:08','SMARTWCS','2022-04-12 05:45:08');
INSERT INTO wcsdb.TB_COM_CODE_MST (CO_CD,COM_HDR_CD,COM_HDR_NM,COM_DTL_CD,COM_DTL_NM,USE_YN,HDR_FLAG,SORT_SEQ,REG_ID,REG_DT,UPD_ID,UPD_DT) VALUES ('LGWCS','EXCEPT_REASON_CD','BIN예외처리작업코드','DAMAGE','파손','Y','N',30,'SMARTWCS','2022-04-12 05:45:08','SMARTWCS','2022-04-12 05:45:08');
INSERT INTO wcsdb.TB_COM_CODE_MST (CO_CD,COM_HDR_CD,COM_HDR_NM,COM_DTL_CD,COM_DTL_NM,USE_YN,HDR_FLAG,SORT_SEQ,REG_ID,REG_DT,UPD_ID,UPD_DT) VALUES ('LGWCS','EXCEPT_REASON_CD','BIN예외처리작업코드','ETC','기타','Y','N',40,'SMARTWCS','2022-04-12 05:45:09','SMARTWCS','2022-04-12 05:45:09');
INSERT INTO wcsdb.TB_COM_CODE_MST (CO_CD,COM_HDR_CD,COM_HDR_NM,COM_DTL_CD,COM_DTL_NM,USE_YN,HDR_FLAG,SORT_SEQ,REG_ID,REG_DT,UPD_ID,UPD_DT) VALUES ('LGWCS','EXCEPT_REASON_CD','BIN예외처리작업코드','EXCEPT_REASON_CD','BIN예외처리작업코드','Y','Y',10,'SMARTWCS','2022-04-12 05:45:09','SMARTWCS','2022-04-12 05:45:09');
INSERT INTO wcsdb.TB_COM_CODE_MST (CO_CD,COM_HDR_CD,COM_HDR_NM,COM_DTL_CD,COM_DTL_NM,USE_YN,HDR_FLAG,SORT_SEQ,REG_ID,REG_DT,UPD_ID,UPD_DT) VALUES ('LGWCS','EXCEPT_REASON_CD','BIN예외처리작업코드','SHORTAGE','부족','Y','N',20,'SMARTWCS','2022-04-12 05:45:09','SMARTWCS','2022-04-12 05:45:09');
INSERT INTO wcsdb.TB_COM_CODE_MST (CO_CD,COM_HDR_CD,COM_HDR_NM,COM_DTL_CD,COM_DTL_NM,USE_YN,HDR_FLAG,SORT_SEQ,REG_ID,REG_DT,UPD_ID,UPD_DT) VALUES ('LGWCS','INBD_STATUS','입고현황','EQP_NAME','설비 명','Y','N',0,'ADMIN','2022-12-07 17:43:13','ADMIN','2022-12-07 17:43:13');
INSERT INTO wcsdb.TB_COM_CODE_MST (CO_CD,COM_HDR_CD,COM_HDR_NM,COM_DTL_CD,COM_DTL_NM,USE_YN,HDR_FLAG,SORT_SEQ,REG_ID,REG_DT,UPD_ID,UPD_DT) VALUES ('LGWCS','INBD_STATUS','입고현황','INBD_STATUS','입고현황','Y','Y',0,'ADMIN','2022-12-07 17:42:00','ADMIN','2022-12-07 17:42:00');
INSERT INTO wcsdb.TB_COM_CODE_MST (CO_CD,COM_HDR_CD,COM_HDR_NM,COM_DTL_CD,COM_DTL_NM,USE_YN,HDR_FLAG,SORT_SEQ,REG_ID,REG_DT,UPD_ID,UPD_DT) VALUES ('LGWCS','INBD_TYPE_CD','입고유형코드','01','일반입고','Y','N',40,'SMARTWCS','2022-04-12 05:45:04','SMARTWCS','2022-04-12 05:45:04');
INSERT INTO wcsdb.TB_COM_CODE_MST (CO_CD,COM_HDR_CD,COM_HDR_NM,COM_DTL_CD,COM_DTL_NM,USE_YN,HDR_FLAG,SORT_SEQ,REG_ID,REG_DT,UPD_ID,UPD_DT) VALUES ('LGWCS','INBD_TYPE_CD','BIN이상등록작업구분','39','테스트입고','Y','N',0,'ADMIN','2022-11-13 10:06:01','ADMIN','2022-11-13 10:06:01');
INSERT INTO wcsdb.TB_COM_CODE_MST (CO_CD,COM_HDR_CD,COM_HDR_NM,COM_DTL_CD,COM_DTL_NM,USE_YN,HDR_FLAG,SORT_SEQ,REG_ID,REG_DT,UPD_ID,UPD_DT) VALUES ('LGWCS','INBD_TYPE_CD','입고유형코드','55','재고보충','Y','N',40,'SMARTWCS','2022-04-12 05:45:04','SMARTWCS','2022-04-12 05:45:04');
INSERT INTO wcsdb.TB_COM_CODE_MST (CO_CD,COM_HDR_CD,COM_HDR_NM,COM_DTL_CD,COM_DTL_NM,USE_YN,HDR_FLAG,SORT_SEQ,REG_ID,REG_DT,UPD_ID,UPD_DT) VALUES ('LGWCS','INBD_TYPE_CD','입고유형코드','99','기타입고','Y','N',40,'SMARTWCS','2022-04-12 05:45:04','SMARTWCS','2022-04-12 05:45:04');
INSERT INTO wcsdb.TB_COM_CODE_MST (CO_CD,COM_HDR_CD,COM_HDR_NM,COM_DTL_CD,COM_DTL_NM,USE_YN,HDR_FLAG,SORT_SEQ,REG_ID,REG_DT,UPD_ID,UPD_DT) VALUES ('LGWCS','INBD_TYPE_CD','입고유형코드','INBD_TYPE_CD','입고유형코드','Y','Y',40,'SMARTWCS','2022-04-12 05:45:04','SMARTWCS','2022-04-12 05:45:04');
INSERT INTO wcsdb.TB_COM_CODE_MST (CO_CD,COM_HDR_CD,COM_HDR_NM,COM_DTL_CD,COM_DTL_NM,USE_YN,HDR_FLAG,SORT_SEQ,REG_ID,REG_DT,UPD_ID,UPD_DT) VALUES ('LGWCS','LANG_CD','다국어 코드','en','English','Y','N',0,'ADMIN','2022-09-30 09:13:44','ADMIN','2022-09-30 09:13:44');
INSERT INTO wcsdb.TB_COM_CODE_MST (CO_CD,COM_HDR_CD,COM_HDR_NM,COM_DTL_CD,COM_DTL_NM,USE_YN,HDR_FLAG,SORT_SEQ,REG_ID,REG_DT,UPD_ID,UPD_DT) VALUES ('LGWCS','LANG_CD','다국어 코드','jp','Japan','Y','N',0,'ADMIN','2022-12-07 17:47:55','ADMIN','2022-12-07 17:47:55');
INSERT INTO wcsdb.TB_COM_CODE_MST (CO_CD,COM_HDR_CD,COM_HDR_NM,COM_DTL_CD,COM_DTL_NM,USE_YN,HDR_FLAG,SORT_SEQ,REG_ID,REG_DT,UPD_ID,UPD_DT) VALUES ('LGWCS','LANG_CD','다국어 코드','ko','한국어','Y','N',0,'ADMIN','2022-09-30 09:13:44','ADMIN','2022-09-30 09:13:44');
INSERT INTO wcsdb.TB_COM_CODE_MST (CO_CD,COM_HDR_CD,COM_HDR_NM,COM_DTL_CD,COM_DTL_NM,USE_YN,HDR_FLAG,SORT_SEQ,REG_ID,REG_DT,UPD_ID,UPD_DT) VALUES ('LGWCS','LANG_CD','다국어 코드','LANG_CD','다국어 코드','Y','Y',1,'ADMIN','2022-09-30 09:13:44','ADMIN','2022-09-30 09:13:44');
INSERT INTO wcsdb.TB_COM_CODE_MST (CO_CD,COM_HDR_CD,COM_HDR_NM,COM_DTL_CD,COM_DTL_NM,USE_YN,HDR_FLAG,SORT_SEQ,REG_ID,REG_DT,UPD_ID,UPD_DT) VALUES ('LGWCS','MENU_USER_LVL','메뉴 User Level','1','LGWCS','Y','N',1,'SMARTWCS','2022-04-12 05:45:06','SMARTWCS','2022-04-12 05:45:06');
INSERT INTO wcsdb.TB_COM_CODE_MST (CO_CD,COM_HDR_CD,COM_HDR_NM,COM_DTL_CD,COM_DTL_NM,USE_YN,HDR_FLAG,SORT_SEQ,REG_ID,REG_DT,UPD_ID,UPD_DT) VALUES ('LGWCS','MENU_USER_LVL','메뉴 User Level','2','TENANT','Y','N',2,'SMARTWCS','2022-04-12 05:45:06','SMARTWCS','2022-04-12 05:45:06');
INSERT INTO wcsdb.TB_COM_CODE_MST (CO_CD,COM_HDR_CD,COM_HDR_NM,COM_DTL_CD,COM_DTL_NM,USE_YN,HDR_FLAG,SORT_SEQ,REG_ID,REG_DT,UPD_ID,UPD_DT) VALUES ('LGWCS','MENU_USER_LVL','메뉴 User Level','3','CENTER','Y','N',3,'SMARTWCS','2022-04-12 05:45:06','SMARTWCS','2022-04-12 05:45:06');
INSERT INTO wcsdb.TB_COM_CODE_MST (CO_CD,COM_HDR_CD,COM_HDR_NM,COM_DTL_CD,COM_DTL_NM,USE_YN,HDR_FLAG,SORT_SEQ,REG_ID,REG_DT,UPD_ID,UPD_DT) VALUES ('LGWCS','MENU_USER_LVL','메뉴 User Level','4','LG & TNT','Y','N',4,'SMARTWCS','2022-04-12 05:45:06','SMARTWCS','2022-04-12 05:45:06');
INSERT INTO wcsdb.TB_COM_CODE_MST (CO_CD,COM_HDR_CD,COM_HDR_NM,COM_DTL_CD,COM_DTL_NM,USE_YN,HDR_FLAG,SORT_SEQ,REG_ID,REG_DT,UPD_ID,UPD_DT) VALUES ('LGWCS','MENU_USER_LVL','메뉴 User Level','5','LG & CNTR','Y','N',5,'SMARTWCS','2022-04-12 05:45:07','SMARTWCS','2022-04-12 05:45:07');
INSERT INTO wcsdb.TB_COM_CODE_MST (CO_CD,COM_HDR_CD,COM_HDR_NM,COM_DTL_CD,COM_DTL_NM,USE_YN,HDR_FLAG,SORT_SEQ,REG_ID,REG_DT,UPD_ID,UPD_DT) VALUES ('LGWCS','MENU_USER_LVL','메뉴 User Level','6','TNT & CNTR','Y','N',6,'SMARTWCS','2022-04-12 05:45:07','SMARTWCS','2022-04-12 05:45:07');
INSERT INTO wcsdb.TB_COM_CODE_MST (CO_CD,COM_HDR_CD,COM_HDR_NM,COM_DTL_CD,COM_DTL_NM,USE_YN,HDR_FLAG,SORT_SEQ,REG_ID,REG_DT,UPD_ID,UPD_DT) VALUES ('LGWCS','MENU_USER_LVL','메뉴 User Level','7','ALL','Y','N',7,'SMARTWCS','2022-04-12 05:45:07','SMARTWCS','2022-04-12 05:45:07');
INSERT INTO wcsdb.TB_COM_CODE_MST (CO_CD,COM_HDR_CD,COM_HDR_NM,COM_DTL_CD,COM_DTL_NM,USE_YN,HDR_FLAG,SORT_SEQ,REG_ID,REG_DT,UPD_ID,UPD_DT) VALUES ('LGWCS','MENU_USER_LVL','메뉴 User Level','MENU_USER_LVL','메뉴 User Level','Y','Y',8,'SMARTWCS','2022-04-12 05:45:06','SMARTWCS','2022-04-12 05:45:06');
INSERT INTO wcsdb.TB_COM_CODE_MST (CO_CD,COM_HDR_CD,COM_HDR_NM,COM_DTL_CD,COM_DTL_NM,USE_YN,HDR_FLAG,SORT_SEQ,REG_ID,REG_DT,UPD_ID,UPD_DT) VALUES ('LGWCS','METHOD_TYPE','Uri Method Type','DELETE','DELETE','Y','N',40,'SMARTWCS','2022-04-12 05:45:15','SMARTWCS','2022-06-19 22:31:12');
INSERT INTO wcsdb.TB_COM_CODE_MST (CO_CD,COM_HDR_CD,COM_HDR_NM,COM_DTL_CD,COM_DTL_NM,USE_YN,HDR_FLAG,SORT_SEQ,REG_ID,REG_DT,UPD_ID,UPD_DT) VALUES ('LGWCS','METHOD_TYPE','Uri Method Type','GET','GET','Y','N',20,'SMARTWCS','2022-04-12 05:45:14','SMARTWCS','2022-06-19 22:31:12');
INSERT INTO wcsdb.TB_COM_CODE_MST (CO_CD,COM_HDR_CD,COM_HDR_NM,COM_DTL_CD,COM_DTL_NM,USE_YN,HDR_FLAG,SORT_SEQ,REG_ID,REG_DT,UPD_ID,UPD_DT) VALUES ('LGWCS','METHOD_TYPE','Uri Method Type','METHOD_TYPE','Uri Method Type','Y','Y',10,'SMARTWCS','2022-04-12 05:45:15','SMARTWCS','2022-06-19 22:31:37');
INSERT INTO wcsdb.TB_COM_CODE_MST (CO_CD,COM_HDR_CD,COM_HDR_NM,COM_DTL_CD,COM_DTL_NM,USE_YN,HDR_FLAG,SORT_SEQ,REG_ID,REG_DT,UPD_ID,UPD_DT) VALUES ('LGWCS','METHOD_TYPE','Uri Method Type','POST','POST','Y','N',40,'SMARTWCS','2022-04-12 05:45:15','SMARTWCS','2022-06-19 22:31:12');
INSERT INTO wcsdb.TB_COM_CODE_MST (CO_CD,COM_HDR_CD,COM_HDR_NM,COM_DTL_CD,COM_DTL_NM,USE_YN,HDR_FLAG,SORT_SEQ,REG_ID,REG_DT,UPD_ID,UPD_DT) VALUES ('LGWCS','METHOD_TYPE','Uri Method Type','PUT','PUT','Y','N',30,'SMARTWCS','2022-04-12 05:45:14','SMARTWCS','2022-06-19 22:31:12');
INSERT INTO wcsdb.TB_COM_CODE_MST (CO_CD,COM_HDR_CD,COM_HDR_NM,COM_DTL_CD,COM_DTL_NM,USE_YN,HDR_FLAG,SORT_SEQ,REG_ID,REG_DT,UPD_ID,UPD_DT) VALUES ('LGWCS','OBND_TYPE_CD','BIN이상등록작업구분','19','테스트출고','N','N',0,'ADMIN','2022-11-13 11:16:50','ADMIN','2022-11-13 11:18:58');
INSERT INTO wcsdb.TB_COM_CODE_MST (CO_CD,COM_HDR_CD,COM_HDR_NM,COM_DTL_CD,COM_DTL_NM,USE_YN,HDR_FLAG,SORT_SEQ,REG_ID,REG_DT,UPD_ID,UPD_DT) VALUES ('LGWCS','OBND_TYPE_CD','출고유형코드','55','재고보충','N','N',40,'SMARTWCS','2022-04-12 05:45:04','ADMIN','2022-11-13 10:34:57');
INSERT INTO wcsdb.TB_COM_CODE_MST (CO_CD,COM_HDR_CD,COM_HDR_NM,COM_DTL_CD,COM_DTL_NM,USE_YN,HDR_FLAG,SORT_SEQ,REG_ID,REG_DT,UPD_ID,UPD_DT) VALUES ('LGWCS','OBND_TYPE_CD','출고유형코드','99','기타입고','N','N',40,'SMARTWCS','2022-04-12 05:45:04','ADMIN','2022-11-13 10:34:57');
INSERT INTO wcsdb.TB_COM_CODE_MST (CO_CD,COM_HDR_CD,COM_HDR_NM,COM_DTL_CD,COM_DTL_NM,USE_YN,HDR_FLAG,SORT_SEQ,REG_ID,REG_DT,UPD_ID,UPD_DT) VALUES ('LGWCS','OBND_TYPE_CD','출고유형코드','OBND_TYPE_CD','입고유형코드','Y','Y',40,'SMARTWCS','2022-04-12 05:45:04','SMARTWCS','2022-04-12 05:45:04');
INSERT INTO wcsdb.TB_COM_CODE_MST (CO_CD,COM_HDR_CD,COM_HDR_NM,COM_DTL_CD,COM_DTL_NM,USE_YN,HDR_FLAG,SORT_SEQ,REG_ID,REG_DT,UPD_ID,UPD_DT) VALUES ('LGWCS','OBND_TYPE_CD','출고유형코드','S1','일반출고','Y','N',40,'SMARTWCS','2022-04-12 05:45:04','SMARTWCS','2022-04-12 05:45:04');
INSERT INTO wcsdb.TB_COM_CODE_MST (CO_CD,COM_HDR_CD,COM_HDR_NM,COM_DTL_CD,COM_DTL_NM,USE_YN,HDR_FLAG,SORT_SEQ,REG_ID,REG_DT,UPD_ID,UPD_DT) VALUES ('LGWCS','OBND_TYPE_CD','BIN이상등록작업구분','S8','기타출고','Y','N',40,'ADMIN','2022-11-13 10:35:46','ADMIN','2022-11-13 10:35:46');
INSERT INTO wcsdb.TB_COM_CODE_MST (CO_CD,COM_HDR_CD,COM_HDR_NM,COM_DTL_CD,COM_DTL_NM,USE_YN,HDR_FLAG,SORT_SEQ,REG_ID,REG_DT,UPD_ID,UPD_DT) VALUES ('LGWCS','ORD_TYPE_CD','오더유형코드','O','오더피킹','Y','N',30,'SMARTWCS','2022-04-12 05:45:09','SMARTWCS','2022-04-12 05:45:09');
INSERT INTO wcsdb.TB_COM_CODE_MST (CO_CD,COM_HDR_CD,COM_HDR_NM,COM_DTL_CD,COM_DTL_NM,USE_YN,HDR_FLAG,SORT_SEQ,REG_ID,REG_DT,UPD_ID,UPD_DT) VALUES ('LGWCS','ORD_TYPE_CD','오더유형코드','ORD_TYPE_CD','오더유형코드','Y','Y',10,'SMARTWCS','2022-04-12 05:45:09','SMARTWCS','2022-04-12 05:45:09');
INSERT INTO wcsdb.TB_COM_CODE_MST (CO_CD,COM_HDR_CD,COM_HDR_NM,COM_DTL_CD,COM_DTL_NM,USE_YN,HDR_FLAG,SORT_SEQ,REG_ID,REG_DT,UPD_ID,UPD_DT) VALUES ('LGWCS','ORD_TYPE_CD','오더유형코드','T','총량피킹','Y','N',20,'SMARTWCS','2022-04-12 05:45:09','SMARTWCS','2022-04-12 05:45:09');
INSERT INTO wcsdb.TB_COM_CODE_MST (CO_CD,COM_HDR_CD,COM_HDR_NM,COM_DTL_CD,COM_DTL_NM,USE_YN,HDR_FLAG,SORT_SEQ,REG_ID,REG_DT,UPD_ID,UPD_DT) VALUES ('LGWCS','PICK_STATUS_CD','PICK상태코드','10','PICK작업지시','Y','N',20,'SMARTWCS','2022-04-12 05:45:09','SMARTWCS','2022-04-12 05:45:09');
INSERT INTO wcsdb.TB_COM_CODE_MST (CO_CD,COM_HDR_CD,COM_HDR_NM,COM_DTL_CD,COM_DTL_NM,USE_YN,HDR_FLAG,SORT_SEQ,REG_ID,REG_DT,UPD_ID,UPD_DT) VALUES ('LGWCS','PICK_STATUS_CD','PICK상태코드','90','PICK작업완료','Y','N',30,'SMARTWCS','2022-04-12 05:45:10','SMARTWCS','2022-04-12 05:45:10');
INSERT INTO wcsdb.TB_COM_CODE_MST (CO_CD,COM_HDR_CD,COM_HDR_NM,COM_DTL_CD,COM_DTL_NM,USE_YN,HDR_FLAG,SORT_SEQ,REG_ID,REG_DT,UPD_ID,UPD_DT) VALUES ('LGWCS','PICK_STATUS_CD','PICK상태코드','PICK_STATUS_CD','PICK상태코드','Y','Y',10,'SMARTWCS','2022-04-12 05:45:10','SMARTWCS','2022-04-12 05:45:10');
INSERT INTO wcsdb.TB_COM_CODE_MST (CO_CD,COM_HDR_CD,COM_HDR_NM,COM_DTL_CD,COM_DTL_NM,USE_YN,HDR_FLAG,SORT_SEQ,REG_ID,REG_DT,UPD_ID,UPD_DT) VALUES ('LGWCS','PROD_TEST','BIN이상등록작업구분','PROD_01','PROD_01','Y','N',0,'ADMIN','2022-11-22 15:41:13','ADMIN','2022-11-22 15:41:13');
INSERT INTO wcsdb.TB_COM_CODE_MST (CO_CD,COM_HDR_CD,COM_HDR_NM,COM_DTL_CD,COM_DTL_NM,USE_YN,HDR_FLAG,SORT_SEQ,REG_ID,REG_DT,UPD_ID,UPD_DT) VALUES ('LGWCS','PROD_TEST','BIN이상등록작업구분','PROD_02','PROD 01  ddd','Y','N',0,'ADMIN','2022-11-22 15:41:13','ADMIN','2022-11-22 15:41:13');
INSERT INTO wcsdb.TB_COM_CODE_MST (CO_CD,COM_HDR_CD,COM_HDR_NM,COM_DTL_CD,COM_DTL_NM,USE_YN,HDR_FLAG,SORT_SEQ,REG_ID,REG_DT,UPD_ID,UPD_DT) VALUES ('LGWCS','PROD_TEST_CD','BIN이상등록작업구분','PROD_01','PROD 01','Y','N',0,'ADMIN','2022-11-22 15:41:59','ADMIN','2022-11-22 15:51:56');
INSERT INTO wcsdb.TB_COM_CODE_MST (CO_CD,COM_HDR_CD,COM_HDR_NM,COM_DTL_CD,COM_DTL_NM,USE_YN,HDR_FLAG,SORT_SEQ,REG_ID,REG_DT,UPD_ID,UPD_DT) VALUES ('LGWCS','PROD_TEST_CD','BIN이상등록작업구분','PROD_02','상세코드 테스트','N','N',0,'ADMIN','2022-11-22 15:41:59','ADMIN','2022-11-22 15:51:55');
INSERT INTO wcsdb.TB_COM_CODE_MST (CO_CD,COM_HDR_CD,COM_HDR_NM,COM_DTL_CD,COM_DTL_NM,USE_YN,HDR_FLAG,SORT_SEQ,REG_ID,REG_DT,UPD_ID,UPD_DT) VALUES ('LGWCS','PROD_TEST_CD','PROD 테스트','PROD_TEST_CD','PROD 테스트','Y','Y',0,'ADMIN','2022-11-22 15:41:13','ADMIN','2022-11-22 15:41:13');
INSERT INTO wcsdb.TB_COM_CODE_MST (CO_CD,COM_HDR_CD,COM_HDR_NM,COM_DTL_CD,COM_DTL_NM,USE_YN,HDR_FLAG,SORT_SEQ,REG_ID,REG_DT,UPD_ID,UPD_DT) VALUES ('LGWCS','STTK_INST_TYPE','재고실사작업구분','N1','정기실사','Y','N',20,'SMARTWCS','2022-04-12 05:45:13','SMARTWCS','2022-04-12 05:45:13');
INSERT INTO wcsdb.TB_COM_CODE_MST (CO_CD,COM_HDR_CD,COM_HDR_NM,COM_DTL_CD,COM_DTL_NM,USE_YN,HDR_FLAG,SORT_SEQ,REG_ID,REG_DT,UPD_ID,UPD_DT) VALUES ('LGWCS','STTK_INST_TYPE','재고실사작업구분','N2','비정기실사','Y','N',30,'SMARTWCS','2022-04-12 05:45:13','SMARTWCS','2022-04-12 05:45:13');
INSERT INTO wcsdb.TB_COM_CODE_MST (CO_CD,COM_HDR_CD,COM_HDR_NM,COM_DTL_CD,COM_DTL_NM,USE_YN,HDR_FLAG,SORT_SEQ,REG_ID,REG_DT,UPD_ID,UPD_DT) VALUES ('LGWCS','STTK_INST_TYPE','재고실사작업구분','STTK_INST_TYPE','재고실사작업구분','Y','Y',10,'SMARTWCS','2022-04-12 05:45:13','SMARTWCS','2022-04-12 05:45:13');
INSERT INTO wcsdb.TB_COM_CODE_MST (CO_CD,COM_HDR_CD,COM_HDR_NM,COM_DTL_CD,COM_DTL_NM,USE_YN,HDR_FLAG,SORT_SEQ,REG_ID,REG_DT,UPD_ID,UPD_DT) VALUES ('LGWCS','STTK_STATUS_CD','재고실사상태코드','10','재고실사작업지시','Y','N',20,'SMARTWCS','2022-04-12 05:45:13','SMARTWCS','2022-04-12 05:45:13');
INSERT INTO wcsdb.TB_COM_CODE_MST (CO_CD,COM_HDR_CD,COM_HDR_NM,COM_DTL_CD,COM_DTL_NM,USE_YN,HDR_FLAG,SORT_SEQ,REG_ID,REG_DT,UPD_ID,UPD_DT) VALUES ('LGWCS','STTK_STATUS_CD','재고실사상태코드','20','재고실사중','Y','N',30,'SMARTWCS','2022-04-12 05:45:13','SMARTWCS','2022-04-12 05:45:13');
INSERT INTO wcsdb.TB_COM_CODE_MST (CO_CD,COM_HDR_CD,COM_HDR_NM,COM_DTL_CD,COM_DTL_NM,USE_YN,HDR_FLAG,SORT_SEQ,REG_ID,REG_DT,UPD_ID,UPD_DT) VALUES ('LGWCS','STTK_STATUS_CD','재고실사상태코드','80','재고실사완료','Y','N',40,'SMARTWCS','2022-04-12 05:45:13','SMARTWCS','2022-04-12 05:45:13');
INSERT INTO wcsdb.TB_COM_CODE_MST (CO_CD,COM_HDR_CD,COM_HDR_NM,COM_DTL_CD,COM_DTL_NM,USE_YN,HDR_FLAG,SORT_SEQ,REG_ID,REG_DT,UPD_ID,UPD_DT) VALUES ('LGWCS','STTK_STATUS_CD','재고실사상태코드','90','재고실사확정','Y','N',50,'SMARTWCS','2022-04-12 05:45:14','SMARTWCS','2022-04-12 05:45:14');
INSERT INTO wcsdb.TB_COM_CODE_MST (CO_CD,COM_HDR_CD,COM_HDR_NM,COM_DTL_CD,COM_DTL_NM,USE_YN,HDR_FLAG,SORT_SEQ,REG_ID,REG_DT,UPD_ID,UPD_DT) VALUES ('LGWCS','STTK_STATUS_CD','재고실사상태코드','STTK_STATUS_CD','재고실사상태코드','Y','Y',10,'SMARTWCS','2022-04-12 05:45:14','SMARTWCS','2022-04-12 05:45:14');
INSERT INTO wcsdb.TB_COM_CODE_MST (CO_CD,COM_HDR_CD,COM_HDR_NM,COM_DTL_CD,COM_DTL_NM,USE_YN,HDR_FLAG,SORT_SEQ,REG_ID,REG_DT,UPD_ID,UPD_DT) VALUES ('LGWCS','STTK_TYPE_CD','재고실사유형코드','N1','정기실사','Y','N',20,'SMARTWCS','2022-04-12 05:45:12','SMARTWCS','2022-04-12 05:45:12');
INSERT INTO wcsdb.TB_COM_CODE_MST (CO_CD,COM_HDR_CD,COM_HDR_NM,COM_DTL_CD,COM_DTL_NM,USE_YN,HDR_FLAG,SORT_SEQ,REG_ID,REG_DT,UPD_ID,UPD_DT) VALUES ('LGWCS','STTK_TYPE_CD','재고실사유형코드','N2','기타실사','Y','N',30,'SMARTWCS','2022-04-12 05:45:12','SMARTWCS','2022-04-12 05:45:12');
INSERT INTO wcsdb.TB_COM_CODE_MST (CO_CD,COM_HDR_CD,COM_HDR_NM,COM_DTL_CD,COM_DTL_NM,USE_YN,HDR_FLAG,SORT_SEQ,REG_ID,REG_DT,UPD_ID,UPD_DT) VALUES ('LGWCS','STTK_TYPE_CD','재고실사유형코드','STTK_TYPE_CD','재고실사유형코드','Y','Y',10,'SMARTWCS','2022-04-12 05:45:13','SMARTWCS','2022-04-12 05:45:13');
INSERT INTO wcsdb.TB_COM_CODE_MST (CO_CD,COM_HDR_CD,COM_HDR_NM,COM_DTL_CD,COM_DTL_NM,USE_YN,HDR_FLAG,SORT_SEQ,REG_ID,REG_DT,UPD_ID,UPD_DT) VALUES ('LGWCS','TASK_PICK_TYPE','TASK유형코드','PICK','피킹작업','N','N',20,'SMARTWCS','2022-04-12 05:45:14','SMARTWCS','2022-06-19 22:32:25');
INSERT INTO wcsdb.TB_COM_CODE_MST (CO_CD,COM_HDR_CD,COM_HDR_NM,COM_DTL_CD,COM_DTL_NM,USE_YN,HDR_FLAG,SORT_SEQ,REG_ID,REG_DT,UPD_ID,UPD_DT) VALUES ('LGWCS','TASK_PICK_TYPE','TASK유형코드','STTK','재고실사작업','Y','N',30,'SMARTWCS','2022-04-12 05:45:14','SMARTWCS','2022-04-12 05:45:14');
INSERT INTO wcsdb.TB_COM_CODE_MST (CO_CD,COM_HDR_CD,COM_HDR_NM,COM_DTL_CD,COM_DTL_NM,USE_YN,HDR_FLAG,SORT_SEQ,REG_ID,REG_DT,UPD_ID,UPD_DT) VALUES ('LGWCS','TASK_PICK_TYPE','TASK유형코드','TASK_PICK_TYPE','TASK유형코드','Y','Y',10,'SMARTWCS','2022-04-12 05:45:14','SMARTWCS','2022-04-12 05:45:14');
INSERT INTO wcsdb.TB_COM_CODE_MST (CO_CD,COM_HDR_CD,COM_HDR_NM,COM_DTL_CD,COM_DTL_NM,USE_YN,HDR_FLAG,SORT_SEQ,REG_ID,REG_DT,UPD_ID,UPD_DT) VALUES ('LGWCS','TASK_STATUS_CD','TASK상태코드','40','AS작업지시','Y','N',20,'SMARTWCS','2022-04-12 05:45:14','SMARTWCS','2022-06-19 22:31:12');
INSERT INTO wcsdb.TB_COM_CODE_MST (CO_CD,COM_HDR_CD,COM_HDR_NM,COM_DTL_CD,COM_DTL_NM,USE_YN,HDR_FLAG,SORT_SEQ,REG_ID,REG_DT,UPD_ID,UPD_DT) VALUES ('LGWCS','TASK_STATUS_CD','TASK상태코드','50','TASK작업중','Y','N',30,'SMARTWCS','2022-04-12 05:45:14','SMARTWCS','2022-06-19 22:31:12');
INSERT INTO wcsdb.TB_COM_CODE_MST (CO_CD,COM_HDR_CD,COM_HDR_NM,COM_DTL_CD,COM_DTL_NM,USE_YN,HDR_FLAG,SORT_SEQ,REG_ID,REG_DT,UPD_ID,UPD_DT) VALUES ('LGWCS','TASK_STATUS_CD','TASK상태코드','90','TASK작업완료','Y','N',40,'SMARTWCS','2022-04-12 05:45:15','SMARTWCS','2022-06-19 22:31:12');
INSERT INTO wcsdb.TB_COM_CODE_MST (CO_CD,COM_HDR_CD,COM_HDR_NM,COM_DTL_CD,COM_DTL_NM,USE_YN,HDR_FLAG,SORT_SEQ,REG_ID,REG_DT,UPD_ID,UPD_DT) VALUES ('LGWCS','TASK_STATUS_CD','TASK상태코드','TASK_STATUS_CD','TASK상태코드','Y','Y',10,'SMARTWCS','2022-04-12 05:45:15','SMARTWCS','2022-06-19 22:31:37');
INSERT INTO wcsdb.TB_COM_CODE_MST (CO_CD,COM_HDR_CD,COM_HDR_NM,COM_DTL_CD,COM_DTL_NM,USE_YN,HDR_FLAG,SORT_SEQ,REG_ID,REG_DT,UPD_ID,UPD_DT) VALUES ('LGWCS','WMS_IF_ID','WMS 인터페이스 ID','abnormalBinIfUrl','빈 이상 등록','Y','N',20,'SMARTWCS','2022-04-12 05:45:14','SMARTWCS','2022-06-19 22:31:12');
INSERT INTO wcsdb.TB_COM_CODE_MST (CO_CD,COM_HDR_CD,COM_HDR_NM,COM_DTL_CD,COM_DTL_NM,USE_YN,HDR_FLAG,SORT_SEQ,REG_ID,REG_DT,UPD_ID,UPD_DT) VALUES ('LGWCS','WMS_IF_ID','WMS 인터페이스 ID','inbdIfUrl','입고 결과 전송','Y','N',30,'SMARTWCS','2022-04-12 05:45:14','SMARTWCS','2022-06-19 22:31:12');
INSERT INTO wcsdb.TB_COM_CODE_MST (CO_CD,COM_HDR_CD,COM_HDR_NM,COM_DTL_CD,COM_DTL_NM,USE_YN,HDR_FLAG,SORT_SEQ,REG_ID,REG_DT,UPD_ID,UPD_DT) VALUES ('LGWCS','WMS_IF_ID','WMS 인터페이스 ID','obndIfUrl','출고 결과 전송','Y','N',40,'SMARTWCS','2022-04-12 05:45:15','SMARTWCS','2022-06-19 22:31:12');
INSERT INTO wcsdb.TB_COM_CODE_MST (CO_CD,COM_HDR_CD,COM_HDR_NM,COM_DTL_CD,COM_DTL_NM,USE_YN,HDR_FLAG,SORT_SEQ,REG_ID,REG_DT,UPD_ID,UPD_DT) VALUES ('LGWCS','WMS_IF_ID','WMS 인터페이스 ID','sttkIfUrl','재고실사 결과 전송','Y','N',50,'SMARTWCS','2022-04-12 05:45:15','ADMIN','2022-08-25 17:45:49');
INSERT INTO wcsdb.TB_COM_CODE_MST (CO_CD,COM_HDR_CD,COM_HDR_NM,COM_DTL_CD,COM_DTL_NM,USE_YN,HDR_FLAG,SORT_SEQ,REG_ID,REG_DT,UPD_ID,UPD_DT) VALUES ('LGWCS','WMS_IF_ID','WMS 인터페이스 ID','WMS_IF_ID','WMS 인터페이스 ID','Y','Y',10,'SMARTWCS','2022-04-12 05:45:15','SMARTWCS','2022-06-19 22:31:37');
INSERT INTO wcsdb.TB_COM_LANG_CODE_MPNG (LANG_CD,CO_CD,COM_HDR_CD,COM_DTL_CD,COM_DTL_LANG_NM,REG_ID,REG_DT,UPD_ID,UPD_DT) VALUES ('en','LGWCS','BIN_DIVIDER_TYPE','1','1 Area Type','SMARTWCS','2022-11-23 13:53:37','SMARTWCS','2022-11-23 13:53:37');
INSERT INTO wcsdb.TB_COM_LANG_CODE_MPNG (LANG_CD,CO_CD,COM_HDR_CD,COM_DTL_CD,COM_DTL_LANG_NM,REG_ID,REG_DT,UPD_ID,UPD_DT) VALUES ('en','LGWCS','BIN_DIVIDER_TYPE','2','2 Area Type','SMARTWCS','2022-11-23 13:53:37','SMARTWCS','2022-11-23 13:53:37');
INSERT INTO wcsdb.TB_COM_LANG_CODE_MPNG (LANG_CD,CO_CD,COM_HDR_CD,COM_DTL_CD,COM_DTL_LANG_NM,REG_ID,REG_DT,UPD_ID,UPD_DT) VALUES ('en','LGWCS','BIN_DIVIDER_TYPE','4','4 Area Type','SMARTWCS','2022-11-23 13:53:37','SMARTWCS','2022-11-23 13:53:37');
INSERT INTO wcsdb.TB_COM_LANG_CODE_MPNG (LANG_CD,CO_CD,COM_HDR_CD,COM_DTL_CD,COM_DTL_LANG_NM,REG_ID,REG_DT,UPD_ID,UPD_DT) VALUES ('en','LGWCS','ERR_MSG','LOGIN_FAILED','Login failed more than 5 times.<BR/> Please contact the administrator.','SMARTWCS','2022-11-23 13:53:37','SMARTWCS','2022-11-23 13:53:37');
INSERT INTO wcsdb.TB_COM_LANG_CODE_MPNG (LANG_CD,CO_CD,COM_HDR_CD,COM_DTL_CD,COM_DTL_LANG_NM,REG_ID,REG_DT,UPD_ID,UPD_DT) VALUES ('en','LGWCS','ERR_MSG','NO_MATCH_ID_PW','ID or password does not match.','SMARTWCS','2022-11-23 13:53:37','SMARTWCS','2022-11-23 13:53:37');
INSERT INTO wcsdb.TB_COM_LANG_CODE_MPNG (LANG_CD,CO_CD,COM_HDR_CD,COM_DTL_CD,COM_DTL_LANG_NM,REG_ID,REG_DT,UPD_ID,UPD_DT) VALUES ('en','LGWCS','ERR_MSG','NO_USER_ID','User ID not found in Login.','SMARTWCS','2022-11-23 13:53:37','ADMIN','2022-11-23 14:08:05');
INSERT INTO wcsdb.TB_COM_LANG_CODE_MPNG (LANG_CD,CO_CD,COM_HDR_CD,COM_DTL_CD,COM_DTL_LANG_NM,REG_ID,REG_DT,UPD_ID,UPD_DT) VALUES ('en','LGWCS','ERR_MSG','PERIOD_PASSED','The password change period (90 days) has passed. Please change your password.','SMARTWCS','2022-11-23 13:53:37','SMARTWCS','2022-11-23 13:53:37');
INSERT INTO wcsdb.TB_COM_LANG_CODE_MPNG (LANG_CD,CO_CD,COM_HDR_CD,COM_DTL_CD,COM_DTL_LANG_NM,REG_ID,REG_DT,UPD_ID,UPD_DT) VALUES ('en','LGWCS','ERR_MSG','PWD_INIT','Please change your password.','SMARTWCS','2022-11-23 13:53:37','SMARTWCS','2022-11-23 13:53:37');
INSERT INTO wcsdb.TB_COM_LANG_CODE_MPNG (LANG_CD,CO_CD,COM_HDR_CD,COM_DTL_CD,COM_DTL_LANG_NM,REG_ID,REG_DT,UPD_ID,UPD_DT) VALUES ('en','LGWCS','ERR_MSG','WRONG_LOGIN_INFO','Your login information was incorrect.','SMARTWCS','2022-11-23 13:53:37','SMARTWCS','2022-11-23 13:53:37');
INSERT INTO wcsdb.TB_COM_LANG_CODE_MPNG (LANG_CD,CO_CD,COM_HDR_CD,COM_DTL_CD,COM_DTL_LANG_NM,REG_ID,REG_DT,UPD_ID,UPD_DT) VALUES ('en','LGWCS','INBD_STATUS','EQP_NAME','equipment name','ADMIN','2022-12-07 17:45:49','ADMIN','2022-12-07 17:45:49');
INSERT INTO wcsdb.TB_COM_LANG_CODE_MPNG (LANG_CD,CO_CD,COM_HDR_CD,COM_DTL_CD,COM_DTL_LANG_NM,REG_ID,REG_DT,UPD_ID,UPD_DT) VALUES ('en','LGWCS','INBD_TYPE_CD','01','NI','ADMIN','2022-11-24 13:08:49','ADMIN','2022-11-24 13:08:49');
INSERT INTO wcsdb.TB_COM_LANG_CODE_MPNG (LANG_CD,CO_CD,COM_HDR_CD,COM_DTL_CD,COM_DTL_LANG_NM,REG_ID,REG_DT,UPD_ID,UPD_DT) VALUES ('en','LGWCS','INBD_TYPE_CD','99','EI','ADMIN','2022-11-24 13:08:49','ADMIN','2022-11-24 13:08:49');
INSERT INTO wcsdb.TB_COM_LANG_CODE_MPNG (LANG_CD,CO_CD,COM_HDR_CD,COM_DTL_CD,COM_DTL_LANG_NM,REG_ID,REG_DT,UPD_ID,UPD_DT) VALUES ('en','LGWCS','ORD_TYPE_CD','O','EOP','ADMIN','2022-11-24 13:00:27','ADMIN','2022-11-24 13:00:27');
INSERT INTO wcsdb.TB_COM_LANG_CODE_MPNG (LANG_CD,CO_CD,COM_HDR_CD,COM_DTL_CD,COM_DTL_LANG_NM,REG_ID,REG_DT,UPD_ID,UPD_DT) VALUES ('en','LGWCS','ORD_TYPE_CD','T','ETP','ADMIN','2022-11-24 13:00:27','ADMIN','2022-11-24 13:00:27');
INSERT INTO wcsdb.TB_COM_LANG_CODE_MPNG (LANG_CD,CO_CD,COM_HDR_CD,COM_DTL_CD,COM_DTL_LANG_NM,REG_ID,REG_DT,UPD_ID,UPD_DT) VALUES ('ko','LGWCS','ORD_TYPE_CD','O','OP','ADMIN','2022-11-24 12:58:40','ADMIN','2022-11-24 12:58:40');
INSERT INTO wcsdb.TB_COM_LANG_CODE_MPNG (LANG_CD,CO_CD,COM_HDR_CD,COM_DTL_CD,COM_DTL_LANG_NM,REG_ID,REG_DT,UPD_ID,UPD_DT) VALUES ('ko','LGWCS','ORD_TYPE_CD','T','TP','ADMIN','2022-11-24 12:58:40','ADMIN','2022-11-24 12:58:40');
INSERT INTO wcsdb.TB_COM_LANG_MENU_MPNG (LANG_CD,MENU_ID,MENU_LANG_NM,MENU_LANG_DESC,REG_ID,REG_DT,UPD_ID,UPD_DT) VALUES ('en','ANL','Status','Status','SMARTWCS','2022-09-22 15:03:27','SMARTWCS','2022-09-22 15:03:27');
INSERT INTO wcsdb.TB_COM_LANG_MENU_MPNG (LANG_CD,MENU_ID,MENU_LANG_NM,MENU_LANG_DESC,REG_ID,REG_DT,UPD_ID,UPD_DT) VALUES ('en','ANL01','Autostore','Autostore','SMARTWCS','2022-09-22 15:03:27','SMARTWCS','2022-09-22 15:03:27');
INSERT INTO wcsdb.TB_COM_LANG_MENU_MPNG (LANG_CD,MENU_ID,MENU_LANG_NM,MENU_LANG_DESC,REG_ID,REG_DT,UPD_ID,UPD_DT) VALUES ('en','ANL0101','Inbound Status','Inbound Status','SMARTWCS','2022-09-22 15:03:27','SMARTWCS','2022-09-22 15:03:27');
INSERT INTO wcsdb.TB_COM_LANG_MENU_MPNG (LANG_CD,MENU_ID,MENU_LANG_NM,MENU_LANG_DESC,REG_ID,REG_DT,UPD_ID,UPD_DT) VALUES ('en','ANL0102','Outbound Status','Outbound Status','SMARTWCS','2022-09-22 15:03:27','SMARTWCS','2022-09-22 15:03:27');
INSERT INTO wcsdb.TB_COM_LANG_MENU_MPNG (LANG_CD,MENU_ID,MENU_LANG_NM,MENU_LANG_DESC,REG_ID,REG_DT,UPD_ID,UPD_DT) VALUES ('en','ANL0103','Stocktaking Status','Stocktaking Status','SMARTWCS','2022-09-22 15:03:27','SMARTWCS','2022-09-22 15:03:27');
INSERT INTO wcsdb.TB_COM_LANG_MENU_MPNG (LANG_CD,MENU_ID,MENU_LANG_NM,MENU_LANG_DESC,REG_ID,REG_DT,UPD_ID,UPD_DT) VALUES ('en','ANL0104','BIN Status and Call BIN','BIN Status and Call BIN','SMARTWCS','2022-09-22 15:03:27','SMARTWCS','2022-09-22 15:03:27');
INSERT INTO wcsdb.TB_COM_LANG_MENU_MPNG (LANG_CD,MENU_ID,MENU_LANG_NM,MENU_LANG_DESC,REG_ID,REG_DT,UPD_ID,UPD_DT) VALUES ('en','ANL02','Interface','Interface','SMARTWCS','2022-09-22 15:03:27','SMARTWCS','2022-09-22 15:03:27');
INSERT INTO wcsdb.TB_COM_LANG_MENU_MPNG (LANG_CD,MENU_ID,MENU_LANG_NM,MENU_LANG_DESC,REG_ID,REG_DT,UPD_ID,UPD_DT) VALUES ('en','ANL0201','Inbound Result','Inbound Result','SMARTWCS','2022-09-22 15:03:27','SMARTWCS','2022-09-22 15:03:27');
INSERT INTO wcsdb.TB_COM_LANG_MENU_MPNG (LANG_CD,MENU_ID,MENU_LANG_NM,MENU_LANG_DESC,REG_ID,REG_DT,UPD_ID,UPD_DT) VALUES ('en','ANL0202','Outbound Result','Outbound Result','SMARTWCS','2022-09-22 15:03:27','SMARTWCS','2022-09-22 15:03:27');
INSERT INTO wcsdb.TB_COM_LANG_MENU_MPNG (LANG_CD,MENU_ID,MENU_LANG_NM,MENU_LANG_DESC,REG_ID,REG_DT,UPD_ID,UPD_DT) VALUES ('en','ANL0203','Stocktaking Result','Stocktaking Result','SMARTWCS','2022-09-22 15:03:27','SMARTWCS','2022-09-22 15:03:27');
INSERT INTO wcsdb.TB_COM_LANG_MENU_MPNG (LANG_CD,MENU_ID,MENU_LANG_NM,MENU_LANG_DESC,REG_ID,REG_DT,UPD_ID,UPD_DT) VALUES ('en','ANL0204','Abnormal BIN Result','Abnormal BIN Result','SMARTWCS','2022-09-22 15:03:27','SMARTWCS','2022-09-22 15:03:27');
INSERT INTO wcsdb.TB_COM_LANG_MENU_MPNG (LANG_CD,MENU_ID,MENU_LANG_NM,MENU_LANG_DESC,REG_ID,REG_DT,UPD_ID,UPD_DT) VALUES ('en','COM','Common','Common','SMARTWCS','2022-09-22 15:03:27','SMARTWCS','2022-09-22 15:03:27');
INSERT INTO wcsdb.TB_COM_LANG_MENU_MPNG (LANG_CD,MENU_ID,MENU_LANG_NM,MENU_LANG_DESC,REG_ID,REG_DT,UPD_ID,UPD_DT) VALUES ('en','COM01','System','System','SMARTWCS','2022-09-22 15:03:27','SMARTWCS','2022-09-22 15:03:27');
INSERT INTO wcsdb.TB_COM_LANG_MENU_MPNG (LANG_CD,MENU_ID,MENU_LANG_NM,MENU_LANG_DESC,REG_ID,REG_DT,UPD_ID,UPD_DT) VALUES ('en','COM0101','User','User','SMARTWCS','2022-09-22 15:03:27','SMARTWCS','2022-09-22 15:03:27');
INSERT INTO wcsdb.TB_COM_LANG_MENU_MPNG (LANG_CD,MENU_ID,MENU_LANG_NM,MENU_LANG_DESC,REG_ID,REG_DT,UPD_ID,UPD_DT) VALUES ('en','COM0102','Menu','Menu','SMARTWCS','2022-09-22 15:03:28','SMARTWCS','2022-09-22 15:03:28');
INSERT INTO wcsdb.TB_COM_LANG_MENU_MPNG (LANG_CD,MENU_ID,MENU_LANG_NM,MENU_LANG_DESC,REG_ID,REG_DT,UPD_ID,UPD_DT) VALUES ('en','COM0103','Tenant ','Tenant ','SMARTWCS','2022-09-22 15:03:28','SMARTWCS','2022-09-22 15:03:28');
INSERT INTO wcsdb.TB_COM_LANG_MENU_MPNG (LANG_CD,MENU_ID,MENU_LANG_NM,MENU_LANG_DESC,REG_ID,REG_DT,UPD_ID,UPD_DT) VALUES ('en','COM0104','Tenant-Menu','Tenant-Menu','SMARTWCS','2022-09-22 15:03:28','SMARTWCS','2022-09-22 15:03:28');
INSERT INTO wcsdb.TB_COM_LANG_MENU_MPNG (LANG_CD,MENU_ID,MENU_LANG_NM,MENU_LANG_DESC,REG_ID,REG_DT,UPD_ID,UPD_DT) VALUES ('en','COM0105','Common Code','Common Code','SMARTWCS','2022-09-22 15:03:28','SMARTWCS','2022-09-22 15:03:28');
INSERT INTO wcsdb.TB_COM_LANG_MENU_MPNG (LANG_CD,MENU_ID,MENU_LANG_NM,MENU_LANG_DESC,REG_ID,REG_DT,UPD_ID,UPD_DT) VALUES ('en','COM0106','SKU','SKU','SMARTWCS','2022-09-22 15:03:28','SMARTWCS','2022-09-22 15:03:28');
INSERT INTO wcsdb.TB_COM_LANG_MENU_MPNG (LANG_CD,MENU_ID,MENU_LANG_NM,MENU_LANG_DESC,REG_ID,REG_DT,UPD_ID,UPD_DT) VALUES ('en','COM0107','Owner of Goods','Owner of Goods','SMARTWCS','2022-09-22 15:03:28','SMARTWCS','2022-09-22 15:03:28');
INSERT INTO wcsdb.TB_COM_LANG_MENU_MPNG (LANG_CD,MENU_ID,MENU_LANG_NM,MENU_LANG_DESC,REG_ID,REG_DT,UPD_ID,UPD_DT) VALUES ('en','COM0108','Role-Menu','Role-Menu','SMARTWCS','2022-09-22 15:03:28','SMARTWCS','2022-09-22 15:03:28');
INSERT INTO wcsdb.TB_COM_LANG_MENU_MPNG (LANG_CD,MENU_ID,MENU_LANG_NM,MENU_LANG_DESC,REG_ID,REG_DT,UPD_ID,UPD_DT) VALUES ('en','COM0109','User(LG)','User(LG)','SMARTWCS','2022-09-22 15:03:28','SMARTWCS','2022-09-22 15:03:28');
INSERT INTO wcsdb.TB_COM_LANG_MENU_MPNG (LANG_CD,MENU_ID,MENU_LANG_NM,MENU_LANG_DESC,REG_ID,REG_DT,UPD_ID,UPD_DT) VALUES ('en','COM0110','User(Tenant)','User(Tenant)','SMARTWCS','2022-09-22 15:03:28','SMARTWCS','2022-09-22 15:03:28');
INSERT INTO wcsdb.TB_COM_LANG_MENU_MPNG (LANG_CD,MENU_ID,MENU_LANG_NM,MENU_LANG_DESC,REG_ID,REG_DT,UPD_ID,UPD_DT) VALUES ('en','COM0111','WMS URL Setting','WMS URL Setting','SMARTWCS','2022-09-22 15:03:28','SMARTWCS','2022-09-22 15:03:28');
INSERT INTO wcsdb.TB_COM_LANG_MENU_MPNG (LANG_CD,MENU_ID,MENU_LANG_NM,MENU_LANG_DESC,REG_ID,REG_DT,UPD_ID,UPD_DT) VALUES ('en','COM0112','Multilingual Menu','Multilingual Menu','ADMIN','2022-11-22 09:17:43','ADMIN','2022-11-22 09:17:43');
INSERT INTO wcsdb.TB_COM_LANG_MENU_MPNG (LANG_CD,MENU_ID,MENU_LANG_NM,MENU_LANG_DESC,REG_ID,REG_DT,UPD_ID,UPD_DT) VALUES ('en','COM0113','Multilingual Code','Multilingual Code','ADMIN','2022-11-22 09:17:43','ADMIN','2022-11-22 09:17:43');
INSERT INTO wcsdb.TB_COM_LANG_MENU_MPNG (LANG_CD,MENU_ID,MENU_LANG_NM,MENU_LANG_DESC,REG_ID,REG_DT,UPD_ID,UPD_DT) VALUES ('en','COM02','Equipment','Equipment','SMARTWCS','2022-09-22 15:03:28','SMARTWCS','2022-09-22 15:03:28');
INSERT INTO wcsdb.TB_COM_LANG_MENU_MPNG (LANG_CD,MENU_ID,MENU_LANG_NM,MENU_LANG_DESC,REG_ID,REG_DT,UPD_ID,UPD_DT) VALUES ('en','COM0201','Port','Port','SMARTWCS','2022-09-22 15:03:28','SMARTWCS','2022-09-22 15:03:28');
INSERT INTO wcsdb.TB_COM_LANG_MENU_MPNG (LANG_CD,MENU_ID,MENU_LANG_NM,MENU_LANG_DESC,REG_ID,REG_DT,UPD_ID,UPD_DT) VALUES ('en','PRS','Work','Work','SMARTWCS','2022-09-22 15:03:28','SMARTWCS','2022-09-22 15:03:28');
INSERT INTO wcsdb.TB_COM_LANG_MENU_MPNG (LANG_CD,MENU_ID,MENU_LANG_NM,MENU_LANG_DESC,REG_ID,REG_DT,UPD_ID,UPD_DT) VALUES ('en','PRS01','Autostore','Autostore','SMARTWCS','2022-09-22 15:03:28','SMARTWCS','2022-09-22 15:03:28');
INSERT INTO wcsdb.TB_COM_LANG_MENU_MPNG (LANG_CD,MENU_ID,MENU_LANG_NM,MENU_LANG_DESC,REG_ID,REG_DT,UPD_ID,UPD_DT) VALUES ('en','PRS0101','Inbound','Inbound','SMARTWCS','2022-09-22 15:03:28','ADMIN','2022-11-22 16:14:40');
INSERT INTO wcsdb.TB_COM_LANG_MENU_MPNG (LANG_CD,MENU_ID,MENU_LANG_NM,MENU_LANG_DESC,REG_ID,REG_DT,UPD_ID,UPD_DT) VALUES ('en','PRS0102','Outbound','Outbound','SMARTWCS','2022-09-22 15:03:28','SMARTWCS','2022-09-22 15:03:28');
INSERT INTO wcsdb.TB_COM_LANG_MENU_MPNG (LANG_CD,MENU_ID,MENU_LANG_NM,MENU_LANG_DESC,REG_ID,REG_DT,UPD_ID,UPD_DT) VALUES ('en','PRS0103','Stocktaking','Stocktaking','SMARTWCS','2022-09-22 15:03:28','SMARTWCS','2022-09-22 15:03:28');
INSERT INTO wcsdb.TB_COM_MENU_MST (MENU_ID,MENU_NM,MENU_DESC,MENU_LVL,MENU_TYPE,MENU_URL,MENU_ICON,TREE_ID,PARENT_ID,USER_LVL,USE_YN,SORT_SEQ,MAIN_SHOW_ICON,REG_ID,REG_DT,UPD_ID,UPD_DT) VALUES ('ANL','현황 관리',NULL,0,NULL,'/anl',NULL,'ANL',NULL,3,'Y',21,NULL,'SMARTWCS','2022-04-05 11:22:00','ADMIN','2022-09-15 14:49:24');
INSERT INTO wcsdb.TB_COM_MENU_MST (MENU_ID,MENU_NM,MENU_DESC,MENU_LVL,MENU_TYPE,MENU_URL,MENU_ICON,TREE_ID,PARENT_ID,USER_LVL,USE_YN,SORT_SEQ,MAIN_SHOW_ICON,REG_ID,REG_DT,UPD_ID,UPD_DT) VALUES ('ANL01','Autostore','Autostore 화면입니다.',1,NULL,'/autostore','fa fa-shopping-cart','ANL01','ANL',3,'Y',22,NULL,'SMARTWCS','2022-04-05 11:22:00','ADMIN','2022-09-15 14:49:24');
INSERT INTO wcsdb.TB_COM_MENU_MST (MENU_ID,MENU_NM,MENU_DESC,MENU_LVL,MENU_TYPE,MENU_URL,MENU_ICON,TREE_ID,PARENT_ID,USER_LVL,USE_YN,SORT_SEQ,MAIN_SHOW_ICON,REG_ID,REG_DT,UPD_ID,UPD_DT) VALUES ('ANL0101','입고 작업 현황','입고 작업 현황 화면입니다. ',2,NULL,'/inbdStatus',NULL,'ANL0101','ANL01',3,'Y',23,'kiosk-putinstat.png','SMARTWCS','2022-04-05 11:22:00','ADMIN','2022-09-15 14:49:24');
INSERT INTO wcsdb.TB_COM_MENU_MST (MENU_ID,MENU_NM,MENU_DESC,MENU_LVL,MENU_TYPE,MENU_URL,MENU_ICON,TREE_ID,PARENT_ID,USER_LVL,USE_YN,SORT_SEQ,MAIN_SHOW_ICON,REG_ID,REG_DT,UPD_ID,UPD_DT) VALUES ('ANL0102','출고 작업 현황','출고 작업 현황 화면입니다.',2,NULL,'/obndStatus',NULL,'ANL0102','ANL01',3,'Y',24,'kiosk-putoutstat.png','SMARTWCS','2022-04-05 11:22:00','ADMIN','2022-09-15 14:49:24');
INSERT INTO wcsdb.TB_COM_MENU_MST (MENU_ID,MENU_NM,MENU_DESC,MENU_LVL,MENU_TYPE,MENU_URL,MENU_ICON,TREE_ID,PARENT_ID,USER_LVL,USE_YN,SORT_SEQ,MAIN_SHOW_ICON,REG_ID,REG_DT,UPD_ID,UPD_DT) VALUES ('ANL0103','재고 실사 현황','재고 실사 현황 화면입니다.',2,NULL,'/sttkStatus',NULL,'ANL0103','ANL01',3,'Y',25,NULL,'SMARTWCS','2022-04-17 16:59:45','ADMIN','2022-09-15 14:49:24');
INSERT INTO wcsdb.TB_COM_MENU_MST (MENU_ID,MENU_NM,MENU_DESC,MENU_LVL,MENU_TYPE,MENU_URL,MENU_ICON,TREE_ID,PARENT_ID,USER_LVL,USE_YN,SORT_SEQ,MAIN_SHOW_ICON,REG_ID,REG_DT,UPD_ID,UPD_DT) VALUES ('ANL0104','빈 현황 및 호출','빈 현황 및 호출 화면입니다.',2,'','/binStatus',NULL,'ANL0104','ANL01',3,'Y',26,NULL,'SMARTWCS','2022-05-30 14:05:58','ADMIN','2022-09-15 14:49:25');
INSERT INTO wcsdb.TB_COM_MENU_MST (MENU_ID,MENU_NM,MENU_DESC,MENU_LVL,MENU_TYPE,MENU_URL,MENU_ICON,TREE_ID,PARENT_ID,USER_LVL,USE_YN,SORT_SEQ,MAIN_SHOW_ICON,REG_ID,REG_DT,UPD_ID,UPD_DT) VALUES ('ANL02','Interface 관리',NULL,1,'','/interface','fa fa-comments','ANL02','ANL',3,'Y',27,NULL,'ADMIN','2022-08-16 10:56:49','ADMIN','2022-09-15 14:49:25');
INSERT INTO wcsdb.TB_COM_MENU_MST (MENU_ID,MENU_NM,MENU_DESC,MENU_LVL,MENU_TYPE,MENU_URL,MENU_ICON,TREE_ID,PARENT_ID,USER_LVL,USE_YN,SORT_SEQ,MAIN_SHOW_ICON,REG_ID,REG_DT,UPD_ID,UPD_DT) VALUES ('ANL0201','입고 전송 결과','입고 완료 Interface 전송 결과를 보여주는 화면입니다. ',2,'','/inbdIfResult',NULL,'ANL0201','ANL02',3,'Y',28,NULL,'ADMIN','2022-08-16 10:59:14','ADMIN','2022-09-15 14:49:25');
INSERT INTO wcsdb.TB_COM_MENU_MST (MENU_ID,MENU_NM,MENU_DESC,MENU_LVL,MENU_TYPE,MENU_URL,MENU_ICON,TREE_ID,PARENT_ID,USER_LVL,USE_YN,SORT_SEQ,MAIN_SHOW_ICON,REG_ID,REG_DT,UPD_ID,UPD_DT) VALUES ('ANL0202','출고 전송 결과','출고 완료 Interface 전송 결과를 보여주는 화면입니다. ',2,'','/obndIfResult',NULL,'ANL0202','ANL02',3,'Y',29,NULL,'ADMIN','2022-08-16 16:34:30','ADMIN','2022-09-15 14:49:25');
INSERT INTO wcsdb.TB_COM_MENU_MST (MENU_ID,MENU_NM,MENU_DESC,MENU_LVL,MENU_TYPE,MENU_URL,MENU_ICON,TREE_ID,PARENT_ID,USER_LVL,USE_YN,SORT_SEQ,MAIN_SHOW_ICON,REG_ID,REG_DT,UPD_ID,UPD_DT) VALUES ('ANL0203','재고실사 전송 결과','재고실사 완료 Interface 전송 결과를 보여주는 화면입니다. ',2,'','/sttkIfResult',NULL,'ANL0203','ANL02',3,'Y',30,NULL,'ADMIN','2022-08-16 16:34:30','ADMIN','2022-09-15 14:49:26');
INSERT INTO wcsdb.TB_COM_MENU_MST (MENU_ID,MENU_NM,MENU_DESC,MENU_LVL,MENU_TYPE,MENU_URL,MENU_ICON,TREE_ID,PARENT_ID,USER_LVL,USE_YN,SORT_SEQ,MAIN_SHOW_ICON,REG_ID,REG_DT,UPD_ID,UPD_DT) VALUES ('ANL0204','BIN 이상 전송 결과','BIN 이상 등록 Interface 전송 결과를 보여주는 화면입니다. ',2,'','/binAbnormIfResult',NULL,'ANL0204','ANL02',3,'Y',31,NULL,'ADMIN','2022-08-16 16:34:30','ADMIN','2022-09-15 14:49:26');
INSERT INTO wcsdb.TB_COM_MENU_MST (MENU_ID,MENU_NM,MENU_DESC,MENU_LVL,MENU_TYPE,MENU_URL,MENU_ICON,TREE_ID,PARENT_ID,USER_LVL,USE_YN,SORT_SEQ,MAIN_SHOW_ICON,REG_ID,REG_DT,UPD_ID,UPD_DT) VALUES ('COM','공통 관리',NULL,0,NULL,'/common',NULL,'COM',NULL,7,'Y',1,NULL,'SMARTWCS','2022-04-07 17:22:00','ADMIN','2022-11-23 09:17:16');
INSERT INTO wcsdb.TB_COM_MENU_MST (MENU_ID,MENU_NM,MENU_DESC,MENU_LVL,MENU_TYPE,MENU_URL,MENU_ICON,TREE_ID,PARENT_ID,USER_LVL,USE_YN,SORT_SEQ,MAIN_SHOW_ICON,REG_ID,REG_DT,UPD_ID,UPD_DT) VALUES ('COM01','시스템 관리','시스템 관리 화면입니다.',1,NULL,'/system','fa fa-cog','COM01','COM',7,'Y',2,NULL,'SMARTWCS','2022-04-07 17:22:00','ADMIN','2022-11-23 09:17:12');
INSERT INTO wcsdb.TB_COM_MENU_MST (MENU_ID,MENU_NM,MENU_DESC,MENU_LVL,MENU_TYPE,MENU_URL,MENU_ICON,TREE_ID,PARENT_ID,USER_LVL,USE_YN,SORT_SEQ,MAIN_SHOW_ICON,REG_ID,REG_DT,UPD_ID,UPD_DT) VALUES ('COM0101','작업자 관리','작업자 관리 화면입니다.',2,NULL,'/user',NULL,'COM0101','COM01',3,'Y',10,NULL,'SMARTWCS','2022-04-05 11:22:00','ADMIN','2022-10-25 09:33:54');
INSERT INTO wcsdb.TB_COM_MENU_MST (MENU_ID,MENU_NM,MENU_DESC,MENU_LVL,MENU_TYPE,MENU_URL,MENU_ICON,TREE_ID,PARENT_ID,USER_LVL,USE_YN,SORT_SEQ,MAIN_SHOW_ICON,REG_ID,REG_DT,UPD_ID,UPD_DT) VALUES ('COM0102','메뉴 관리','메뉴를 관리하는 화면입니다.',2,NULL,'/menu',NULL,'COM0102','COM01',1,'Y',4,NULL,'SMARTWCS','2022-04-05 11:22:00','ADMIN','2022-09-15 14:49:20');
INSERT INTO wcsdb.TB_COM_MENU_MST (MENU_ID,MENU_NM,MENU_DESC,MENU_LVL,MENU_TYPE,MENU_URL,MENU_ICON,TREE_ID,PARENT_ID,USER_LVL,USE_YN,SORT_SEQ,MAIN_SHOW_ICON,REG_ID,REG_DT,UPD_ID,UPD_DT) VALUES ('COM0103','Tenant 관리','Tenant관리 화면입니다.',2,NULL,'/tenant',NULL,'COM0103','COM01',1,'Y',5,NULL,'SMARTWCS','2022-04-05 11:22:00','ADMIN','2022-09-15 14:49:20');
INSERT INTO wcsdb.TB_COM_MENU_MST (MENU_ID,MENU_NM,MENU_DESC,MENU_LVL,MENU_TYPE,MENU_URL,MENU_ICON,TREE_ID,PARENT_ID,USER_LVL,USE_YN,SORT_SEQ,MAIN_SHOW_ICON,REG_ID,REG_DT,UPD_ID,UPD_DT) VALUES ('COM0104','Tenant 메뉴 관리','Tenant 메뉴 관리 화면입니다.',2,NULL,'/tenantMenu',NULL,'COM0104','COM01',1,'Y',6,NULL,'SMARTWCS','2022-04-05 11:22:00','ADMIN','2022-09-15 14:49:20');
INSERT INTO wcsdb.TB_COM_MENU_MST (MENU_ID,MENU_NM,MENU_DESC,MENU_LVL,MENU_TYPE,MENU_URL,MENU_ICON,TREE_ID,PARENT_ID,USER_LVL,USE_YN,SORT_SEQ,MAIN_SHOW_ICON,REG_ID,REG_DT,UPD_ID,UPD_DT) VALUES ('COM0105','공통 코드 관리','공통 코드 관리 화면입니다.',2,NULL,'/code',NULL,'COM0105','COM01',1,'Y',7,NULL,'SMARTWCS','2022-04-05 11:22:00','ADMIN','2022-09-15 14:49:21');
INSERT INTO wcsdb.TB_COM_MENU_MST (MENU_ID,MENU_NM,MENU_DESC,MENU_LVL,MENU_TYPE,MENU_URL,MENU_ICON,TREE_ID,PARENT_ID,USER_LVL,USE_YN,SORT_SEQ,MAIN_SHOW_ICON,REG_ID,REG_DT,UPD_ID,UPD_DT) VALUES ('COM0106','SKU 관리','SKU 관리 화면입니다. ',2,NULL,'/sku',NULL,'COM0106','COM01',2,'Y',8,NULL,'SMARTWCS','2022-04-05 11:22:00','ADMIN','2022-09-15 14:49:21');
INSERT INTO wcsdb.TB_COM_MENU_MST (MENU_ID,MENU_NM,MENU_DESC,MENU_LVL,MENU_TYPE,MENU_URL,MENU_ICON,TREE_ID,PARENT_ID,USER_LVL,USE_YN,SORT_SEQ,MAIN_SHOW_ICON,REG_ID,REG_DT,UPD_ID,UPD_DT) VALUES ('COM0107','화주 관리','화주 관리 화면입니다. ',2,NULL,'/cst',NULL,'COM0107','COM01',2,'Y',9,NULL,'SMARTWCS','2022-04-05 11:22:00','ADMIN','2022-09-15 14:49:21');
INSERT INTO wcsdb.TB_COM_MENU_MST (MENU_ID,MENU_NM,MENU_DESC,MENU_LVL,MENU_TYPE,MENU_URL,MENU_ICON,TREE_ID,PARENT_ID,USER_LVL,USE_YN,SORT_SEQ,MAIN_SHOW_ICON,REG_ID,REG_DT,UPD_ID,UPD_DT) VALUES ('COM0108','권한 별 메뉴 관리','권한 별 메뉴 관리 화면입니다.',2,NULL,'/roleMenu',NULL,'COM0108','COM01',3,'Y',3,NULL,'SMARTWCS','2022-04-05 11:22:00','ADMIN','2022-09-15 14:49:20');
INSERT INTO wcsdb.TB_COM_MENU_MST (MENU_ID,MENU_NM,MENU_DESC,MENU_LVL,MENU_TYPE,MENU_URL,MENU_ICON,TREE_ID,PARENT_ID,USER_LVL,USE_YN,SORT_SEQ,MAIN_SHOW_ICON,REG_ID,REG_DT,UPD_ID,UPD_DT) VALUES ('COM0109','Tenant Admin 관리','Tenant Admin 관리 화면입니다.',2,NULL,'/userSuper',NULL,'COM0109','COM01',1,'Y',11,NULL,'SMARTWCS','2022-04-05 11:22:00','ADMIN','2022-10-25 09:33:54');
INSERT INTO wcsdb.TB_COM_MENU_MST (MENU_ID,MENU_NM,MENU_DESC,MENU_LVL,MENU_TYPE,MENU_URL,MENU_ICON,TREE_ID,PARENT_ID,USER_LVL,USE_YN,SORT_SEQ,MAIN_SHOW_ICON,REG_ID,REG_DT,UPD_ID,UPD_DT) VALUES ('COM0110','Center Admin 관리','Center Admin 관리 화면입니다.',2,NULL,'/userTenant',NULL,'COM0110','COM01',2,'Y',12,NULL,'SMARTWCS','2022-04-05 11:22:00','ADMIN','2022-10-25 09:33:54');
INSERT INTO wcsdb.TB_COM_MENU_MST (MENU_ID,MENU_NM,MENU_DESC,MENU_LVL,MENU_TYPE,MENU_URL,MENU_ICON,TREE_ID,PARENT_ID,USER_LVL,USE_YN,SORT_SEQ,MAIN_SHOW_ICON,REG_ID,REG_DT,UPD_ID,UPD_DT) VALUES ('COM0111','WMS IF 설정','WMS와 Interface Url을 설정합니다.',2,NULL,'/wmsUrl',NULL,'COM0111','COM01',1,'Y',13,NULL,'SMARTWCS','2022-04-05 11:22:00','ADMIN','2022-09-26 09:11:22');
INSERT INTO wcsdb.TB_COM_MENU_MST (MENU_ID,MENU_NM,MENU_DESC,MENU_LVL,MENU_TYPE,MENU_URL,MENU_ICON,TREE_ID,PARENT_ID,USER_LVL,USE_YN,SORT_SEQ,MAIN_SHOW_ICON,REG_ID,REG_DT,UPD_ID,UPD_DT) VALUES ('COM0112','다국어 메뉴 관리','다국어 메뉴를 관리합니다.',2,NULL,'/langMenu',NULL,'COM0112','COM01',1,'Y',14,NULL,'ADMIN','2022-10-25 14:59:24','ADMIN','2022-10-25 14:59:24');
INSERT INTO wcsdb.TB_COM_MENU_MST (MENU_ID,MENU_NM,MENU_DESC,MENU_LVL,MENU_TYPE,MENU_URL,MENU_ICON,TREE_ID,PARENT_ID,USER_LVL,USE_YN,SORT_SEQ,MAIN_SHOW_ICON,REG_ID,REG_DT,UPD_ID,UPD_DT) VALUES ('COM0113','다국어 공통코드 관리','다국어 공통코드를 관리합니다.',2,NULL,'/langCode',NULL,'COM0113','COM01',1,'Y',15,NULL,'ADMIN','2022-10-27 11:03:03','ADMIN','2022-10-27 11:03:03');
INSERT INTO wcsdb.TB_COM_MENU_MST (MENU_ID,MENU_NM,MENU_DESC,MENU_LVL,MENU_TYPE,MENU_URL,MENU_ICON,TREE_ID,PARENT_ID,USER_LVL,USE_YN,SORT_SEQ,MAIN_SHOW_ICON,REG_ID,REG_DT,UPD_ID,UPD_DT) VALUES ('COM0114','메뉴 권한 관리','메뉴 Url api에 대한 권한을 관리합니다.',2,NULL,'/menuRole',NULL,'COM0114','COM01',1,'Y',16,NULL,'ADMIN','2022-11-22 16:41:46','ADMIN','2022-11-23 09:17:05');
INSERT INTO wcsdb.TB_COM_MENU_MST (MENU_ID,MENU_NM,MENU_DESC,MENU_LVL,MENU_TYPE,MENU_URL,MENU_ICON,TREE_ID,PARENT_ID,USER_LVL,USE_YN,SORT_SEQ,MAIN_SHOW_ICON,REG_ID,REG_DT,UPD_ID,UPD_DT) VALUES ('COM02','설비 관리','설비 관리 화면입니다.',1,'','/eqpMng','fa fa-screwdriver','COM02','COM',3,'Y',14,NULL,'ADMIN','2022-06-28 10:37:42','ADMIN','2022-09-15 14:49:22');
INSERT INTO wcsdb.TB_COM_MENU_MST (MENU_ID,MENU_NM,MENU_DESC,MENU_LVL,MENU_TYPE,MENU_URL,MENU_ICON,TREE_ID,PARENT_ID,USER_LVL,USE_YN,SORT_SEQ,MAIN_SHOW_ICON,REG_ID,REG_DT,UPD_ID,UPD_DT) VALUES ('COM0201','포트 관리','포트 관리 화면입니다.',2,'','/port',NULL,'COM0201','COM02',3,'Y',15,NULL,'ADMIN','2022-06-28 10:37:42','ADMIN','2022-09-15 14:49:23');
INSERT INTO wcsdb.TB_COM_MENU_MST (MENU_ID,MENU_NM,MENU_DESC,MENU_LVL,MENU_TYPE,MENU_URL,MENU_ICON,TREE_ID,PARENT_ID,USER_LVL,USE_YN,SORT_SEQ,MAIN_SHOW_ICON,REG_ID,REG_DT,UPD_ID,UPD_DT) VALUES ('PRS','작업 화면',NULL,0,'','/prs',NULL,'PRS',NULL,3,'Y',16,NULL,'SMARTWCS','2022-05-30 14:09:52','ADMIN','2022-11-23 09:18:24');
INSERT INTO wcsdb.TB_COM_MENU_MST (MENU_ID,MENU_NM,MENU_DESC,MENU_LVL,MENU_TYPE,MENU_URL,MENU_ICON,TREE_ID,PARENT_ID,USER_LVL,USE_YN,SORT_SEQ,MAIN_SHOW_ICON,REG_ID,REG_DT,UPD_ID,UPD_DT) VALUES ('PRS01','Autostore',NULL,1,'','/prsDetail','fa fa-desktop','PRS01','PRS',3,'Y',17,NULL,'SMARTWCS','2022-05-30 14:09:52','ADMIN','2022-11-23 09:18:23');
INSERT INTO wcsdb.TB_COM_MENU_MST (MENU_ID,MENU_NM,MENU_DESC,MENU_LVL,MENU_TYPE,MENU_URL,MENU_ICON,TREE_ID,PARENT_ID,USER_LVL,USE_YN,SORT_SEQ,MAIN_SHOW_ICON,REG_ID,REG_DT,UPD_ID,UPD_DT) VALUES ('PRS0101','일반 입고',NULL,2,'KIOSK','/putin',NULL,'PRS0101','PRS01',3,'Y',18,'kiosk-putin.png','SMARTWCS','2022-05-30 14:09:52','ADMIN','2022-09-15 14:49:23');
INSERT INTO wcsdb.TB_COM_MENU_MST (MENU_ID,MENU_NM,MENU_DESC,MENU_LVL,MENU_TYPE,MENU_URL,MENU_ICON,TREE_ID,PARENT_ID,USER_LVL,USE_YN,SORT_SEQ,MAIN_SHOW_ICON,REG_ID,REG_DT,UPD_ID,UPD_DT) VALUES ('PRS0102','일반 출고',NULL,2,'KIOSK','/putout',NULL,'PRS0102','PRS01',3,'Y',19,'kiosk-putout.png','SMARTWCS','2022-05-30 14:09:52','ADMIN','2022-09-15 14:49:23');
INSERT INTO wcsdb.TB_COM_MENU_MST (MENU_ID,MENU_NM,MENU_DESC,MENU_LVL,MENU_TYPE,MENU_URL,MENU_ICON,TREE_ID,PARENT_ID,USER_LVL,USE_YN,SORT_SEQ,MAIN_SHOW_ICON,REG_ID,REG_DT,UPD_ID,UPD_DT) VALUES ('PRS0103','재고 실사',NULL,2,'KIOSK','/stocktake',NULL,'PRS0103','PRS01',3,'Y',20,'kiosk-stockstat.png','SMARTWCS','2022-05-30 14:09:52','ADMIN','2022-11-23 09:18:17');
INSERT INTO wcsdb.TB_COM_METHOD_MST (MENU_ID,METHOD_TYPE,URI,URI_DESC,USE_YN,REG_ID,REG_DT,UPD_ID,UPD_DT) VALUES ('ANL0101','GET','/api/common/cst/getUnpagedList',NULL,'Y','SMARTWCS','2022-11-18 17:37:37','SMARTWCS','2022-11-18 17:37:37');
INSERT INTO wcsdb.TB_COM_METHOD_MST (MENU_ID,METHOD_TYPE,URI,URI_DESC,USE_YN,REG_ID,REG_DT,UPD_ID,UPD_DT) VALUES ('ANL0101','GET','/api/status/inbd',NULL,'Y','SMARTWCS','2022-11-18 17:38:42','SMARTWCS','2022-11-18 17:38:42');
INSERT INTO wcsdb.TB_COM_METHOD_MST (MENU_ID,METHOD_TYPE,URI,URI_DESC,USE_YN,REG_ID,REG_DT,UPD_ID,UPD_DT) VALUES ('ANL0101','GET','/api/status/inbd/excelDownload',NULL,'Y','SMARTWCS','2022-11-22 16:46:26','SMARTWCS','2022-11-22 16:46:26');
INSERT INTO wcsdb.TB_COM_METHOD_MST (MENU_ID,METHOD_TYPE,URI,URI_DESC,USE_YN,REG_ID,REG_DT,UPD_ID,UPD_DT) VALUES ('ANL0102','GET','/api/common/cst/getUnpagedList',NULL,'Y','SMARTWCS','2022-11-18 17:42:20','SMARTWCS','2022-11-18 17:42:20');
INSERT INTO wcsdb.TB_COM_METHOD_MST (MENU_ID,METHOD_TYPE,URI,URI_DESC,USE_YN,REG_ID,REG_DT,UPD_ID,UPD_DT) VALUES ('ANL0102','GET','/api/status/obnd',NULL,'Y','SMARTWCS','2022-11-18 17:42:20','SMARTWCS','2022-11-18 17:42:20');
INSERT INTO wcsdb.TB_COM_METHOD_MST (MENU_ID,METHOD_TYPE,URI,URI_DESC,USE_YN,REG_ID,REG_DT,UPD_ID,UPD_DT) VALUES ('ANL0102','GET','/api/status/obnd/excelDownload',NULL,'Y','SMARTWCS','2022-11-22 16:46:26','SMARTWCS','2022-11-22 16:46:26');
INSERT INTO wcsdb.TB_COM_METHOD_MST (MENU_ID,METHOD_TYPE,URI,URI_DESC,USE_YN,REG_ID,REG_DT,UPD_ID,UPD_DT) VALUES ('ANL0103','GET','/api/common/cst/getUnpagedList',NULL,'Y','SMARTWCS','2022-11-18 17:42:20','SMARTWCS','2022-11-18 17:42:20');
INSERT INTO wcsdb.TB_COM_METHOD_MST (MENU_ID,METHOD_TYPE,URI,URI_DESC,USE_YN,REG_ID,REG_DT,UPD_ID,UPD_DT) VALUES ('ANL0103','GET','/api/status/sttk',NULL,'Y','SMARTWCS','2022-11-18 17:42:20','SMARTWCS','2022-11-18 17:42:20');
INSERT INTO wcsdb.TB_COM_METHOD_MST (MENU_ID,METHOD_TYPE,URI,URI_DESC,USE_YN,REG_ID,REG_DT,UPD_ID,UPD_DT) VALUES ('ANL0103','GET','/api/status/sttk/excelDownload',NULL,'Y','SMARTWCS','2022-11-22 16:46:26','SMARTWCS','2022-11-22 16:46:26');
INSERT INTO wcsdb.TB_COM_METHOD_MST (MENU_ID,METHOD_TYPE,URI,URI_DESC,USE_YN,REG_ID,REG_DT,UPD_ID,UPD_DT) VALUES ('ANL0103','GET','/api/status/sttk/getUnpagedList',NULL,'Y','SMARTWCS','2022-11-18 17:43:29','SMARTWCS','2022-11-18 17:43:29');
INSERT INTO wcsdb.TB_COM_METHOD_MST (MENU_ID,METHOD_TYPE,URI,URI_DESC,USE_YN,REG_ID,REG_DT,UPD_ID,UPD_DT) VALUES ('ANL0104','GET','/api/common/code',NULL,'Y','SMARTWCS','2022-11-18 17:44:33','SMARTWCS','2022-11-18 17:44:33');
INSERT INTO wcsdb.TB_COM_METHOD_MST (MENU_ID,METHOD_TYPE,URI,URI_DESC,USE_YN,REG_ID,REG_DT,UPD_ID,UPD_DT) VALUES ('ANL0104','GET','/api/status/bin',NULL,'Y','SMARTWCS','2022-11-18 17:45:28','SMARTWCS','2022-11-18 17:45:28');
INSERT INTO wcsdb.TB_COM_METHOD_MST (MENU_ID,METHOD_TYPE,URI,URI_DESC,USE_YN,REG_ID,REG_DT,UPD_ID,UPD_DT) VALUES ('ANL0104','GET','/api/status/bin/excelDownload',NULL,'Y','SMARTWCS','2022-11-22 16:46:26','SMARTWCS','2022-11-22 16:46:26');
INSERT INTO wcsdb.TB_COM_METHOD_MST (MENU_ID,METHOD_TYPE,URI,URI_DESC,USE_YN,REG_ID,REG_DT,UPD_ID,UPD_DT) VALUES ('ANL0201','GET','/api/ifresult/inbd',NULL,'Y','SMARTWCS','2022-11-18 17:47:40','SMARTWCS','2022-11-18 17:47:40');
INSERT INTO wcsdb.TB_COM_METHOD_MST (MENU_ID,METHOD_TYPE,URI,URI_DESC,USE_YN,REG_ID,REG_DT,UPD_ID,UPD_DT) VALUES ('ANL0201','GET','/api/ifresult/inbd/excelDownload',NULL,'Y','SMARTWCS','2022-11-22 16:46:26','SMARTWCS','2022-11-22 16:46:26');
INSERT INTO wcsdb.TB_COM_METHOD_MST (MENU_ID,METHOD_TYPE,URI,URI_DESC,USE_YN,REG_ID,REG_DT,UPD_ID,UPD_DT) VALUES ('ANL0202','GET','/api/ifresult/obnd',NULL,'Y','SMARTWCS','2022-11-18 17:47:40','SMARTWCS','2022-11-18 17:47:40');
INSERT INTO wcsdb.TB_COM_METHOD_MST (MENU_ID,METHOD_TYPE,URI,URI_DESC,USE_YN,REG_ID,REG_DT,UPD_ID,UPD_DT) VALUES ('ANL0202','GET','/api/ifresult/obnd/excelDownload',NULL,'Y','SMARTWCS','2022-11-22 16:46:26','SMARTWCS','2022-11-22 16:46:26');
INSERT INTO wcsdb.TB_COM_METHOD_MST (MENU_ID,METHOD_TYPE,URI,URI_DESC,USE_YN,REG_ID,REG_DT,UPD_ID,UPD_DT) VALUES ('ANL0203','GET','/api/ifresult/sttk',NULL,'Y','SMARTWCS','2022-11-18 17:47:40','SMARTWCS','2022-11-18 17:47:40');
INSERT INTO wcsdb.TB_COM_METHOD_MST (MENU_ID,METHOD_TYPE,URI,URI_DESC,USE_YN,REG_ID,REG_DT,UPD_ID,UPD_DT) VALUES ('ANL0203','GET','/api/ifresult/sttk/excelDownload',NULL,'Y','SMARTWCS','2022-11-22 16:46:26','SMARTWCS','2022-11-22 16:46:26');
INSERT INTO wcsdb.TB_COM_METHOD_MST (MENU_ID,METHOD_TYPE,URI,URI_DESC,USE_YN,REG_ID,REG_DT,UPD_ID,UPD_DT) VALUES ('ANL0204','GET','/api/ifresult/binAbnorm',NULL,'Y','SMARTWCS','2022-11-18 17:47:40','SMARTWCS','2022-11-18 17:47:40');
INSERT INTO wcsdb.TB_COM_METHOD_MST (MENU_ID,METHOD_TYPE,URI,URI_DESC,USE_YN,REG_ID,REG_DT,UPD_ID,UPD_DT) VALUES ('ANL0204','GET','/api/ifresult/binAbnorm/excelDownload',NULL,'Y','SMARTWCS','2022-11-22 16:46:26','SMARTWCS','2022-11-22 16:46:26');
INSERT INTO wcsdb.TB_COM_METHOD_MST (MENU_ID,METHOD_TYPE,URI,URI_DESC,USE_YN,REG_ID,REG_DT,UPD_ID,UPD_DT) VALUES ('COM_METHOD','GET','/api/common/center/getTenantCntrUnpagedList','','Y','SMARTWCS','2022-11-22 19:00:12','SMARTWCS','2022-11-22 19:00:12');
INSERT INTO wcsdb.TB_COM_METHOD_MST (MENU_ID,METHOD_TYPE,URI,URI_DESC,USE_YN,REG_ID,REG_DT,UPD_ID,UPD_DT) VALUES ('COM_METHOD','GET','/api/common/eqp',NULL,'Y','SMARTWCS','2022-11-23 15:06:29','SMARTWCS','2022-11-23 15:06:29');
INSERT INTO wcsdb.TB_COM_METHOD_MST (MENU_ID,METHOD_TYPE,URI,URI_DESC,USE_YN,REG_ID,REG_DT,UPD_ID,UPD_DT) VALUES ('COM_METHOD','GET','/api/common/getUserRoleMenuLvl2','','Y','SMARTWCS','2022-11-22 19:00:12','SMARTWCS','2022-11-22 19:00:12');
INSERT INTO wcsdb.TB_COM_METHOD_MST (MENU_ID,METHOD_TYPE,URI,URI_DESC,USE_YN,REG_ID,REG_DT,UPD_ID,UPD_DT) VALUES ('COM_METHOD','GET','/api/common/role/codes','','Y','SMARTWCS','2022-11-22 19:00:12','SMARTWCS','2022-11-22 19:00:12');
INSERT INTO wcsdb.TB_COM_METHOD_MST (MENU_ID,METHOD_TYPE,URI,URI_DESC,USE_YN,REG_ID,REG_DT,UPD_ID,UPD_DT) VALUES ('COM_METHOD','GET','/api/dashboard/getMenuList','','Y','SMARTWCS','2022-11-22 19:00:12','SMARTWCS','2022-11-22 19:00:12');
INSERT INTO wcsdb.TB_COM_METHOD_MST (MENU_ID,METHOD_TYPE,URI,URI_DESC,USE_YN,REG_ID,REG_DT,UPD_ID,UPD_DT) VALUES ('COM_METHOD','GET','/api/dashboard/workload','','Y','SMARTWCS','2022-11-22 19:00:12','SMARTWCS','2022-11-22 19:00:12');
INSERT INTO wcsdb.TB_COM_METHOD_MST (MENU_ID,METHOD_TYPE,URI,URI_DESC,USE_YN,REG_ID,REG_DT,UPD_ID,UPD_DT) VALUES ('COM_METHOD','GET','/api/obndWork/offLight','','Y','SMARTWCS','2022-11-22 19:00:12','SMARTWCS','2022-11-22 19:00:12');
INSERT INTO wcsdb.TB_COM_METHOD_MST (MENU_ID,METHOD_TYPE,URI,URI_DESC,USE_YN,REG_ID,REG_DT,UPD_ID,UPD_DT) VALUES ('COM0101','GET','/api/common/user',NULL,'Y','SMARTWCS','2022-11-18 17:25:46','SMARTWCS','2022-11-18 17:25:46');
INSERT INTO wcsdb.TB_COM_METHOD_MST (MENU_ID,METHOD_TYPE,URI,URI_DESC,USE_YN,REG_ID,REG_DT,UPD_ID,UPD_DT) VALUES ('COM0101','GET','/api/common/user/excelDownload',NULL,'Y','SMARTWCS','2022-11-22 17:04:48','SMARTWCS','2022-11-22 17:04:48');
INSERT INTO wcsdb.TB_COM_METHOD_MST (MENU_ID,METHOD_TYPE,URI,URI_DESC,USE_YN,REG_ID,REG_DT,UPD_ID,UPD_DT) VALUES ('COM0101','POST','/api/common/user',NULL,'Y','SMARTWCS','2022-11-18 17:25:46','SMARTWCS','2022-11-18 17:25:46');
INSERT INTO wcsdb.TB_COM_METHOD_MST (MENU_ID,METHOD_TYPE,URI,URI_DESC,USE_YN,REG_ID,REG_DT,UPD_ID,UPD_DT) VALUES ('COM0101','PUT','/api/common/user/id',NULL,'Y','SMARTWCS','2022-11-18 17:25:46','SMARTWCS','2022-11-18 17:25:46');
INSERT INTO wcsdb.TB_COM_METHOD_MST (MENU_ID,METHOD_TYPE,URI,URI_DESC,USE_YN,REG_ID,REG_DT,UPD_ID,UPD_DT) VALUES ('COM0106','GET','/api/common/sku',NULL,'Y','SMARTWCS','2022-11-22 16:26:27','SMARTWCS','2022-11-22 16:26:27');
INSERT INTO wcsdb.TB_COM_METHOD_MST (MENU_ID,METHOD_TYPE,URI,URI_DESC,USE_YN,REG_ID,REG_DT,UPD_ID,UPD_DT) VALUES ('COM0106','GET','/api/common/sku/excelDownload',NULL,'Y','SMARTWCS','2022-11-22 17:04:48','SMARTWCS','2022-11-22 17:04:48');
INSERT INTO wcsdb.TB_COM_METHOD_MST (MENU_ID,METHOD_TYPE,URI,URI_DESC,USE_YN,REG_ID,REG_DT,UPD_ID,UPD_DT) VALUES ('COM0106','GET','/api/common/sku/skuBcd',NULL,'Y','SMARTWCS','2022-11-22 16:26:27','SMARTWCS','2022-11-22 16:26:27');
INSERT INTO wcsdb.TB_COM_METHOD_MST (MENU_ID,METHOD_TYPE,URI,URI_DESC,USE_YN,REG_ID,REG_DT,UPD_ID,UPD_DT) VALUES ('COM0107','GET','/api/common/cst',NULL,'Y','SMARTWCS','2022-11-22 16:28:01','SMARTWCS','2022-11-22 16:28:01');
INSERT INTO wcsdb.TB_COM_METHOD_MST (MENU_ID,METHOD_TYPE,URI,URI_DESC,USE_YN,REG_ID,REG_DT,UPD_ID,UPD_DT) VALUES ('COM0107','GET','/api/common/cst/excelDownload',NULL,'Y','SMARTWCS','2022-11-22 17:04:48','SMARTWCS','2022-11-22 17:04:48');
INSERT INTO wcsdb.TB_COM_METHOD_MST (MENU_ID,METHOD_TYPE,URI,URI_DESC,USE_YN,REG_ID,REG_DT,UPD_ID,UPD_DT) VALUES ('COM0108','GET','/api/common/menu',NULL,'Y','SMARTWCS','2022-11-18 15:33:54','SMARTWCS','2022-11-18 15:33:54');
INSERT INTO wcsdb.TB_COM_METHOD_MST (MENU_ID,METHOD_TYPE,URI,URI_DESC,USE_YN,REG_ID,REG_DT,UPD_ID,UPD_DT) VALUES ('COM0108','GET','/api/common/role',NULL,'Y','SMARTWCS','2022-11-18 15:33:54','SMARTWCS','2022-11-18 15:33:54');
INSERT INTO wcsdb.TB_COM_METHOD_MST (MENU_ID,METHOD_TYPE,URI,URI_DESC,USE_YN,REG_ID,REG_DT,UPD_ID,UPD_DT) VALUES ('COM0108','GET','/api/common/roleMenu',NULL,'Y','SMARTWCS','2022-11-18 15:33:54','SMARTWCS','2022-11-18 15:33:54');
INSERT INTO wcsdb.TB_COM_METHOD_MST (MENU_ID,METHOD_TYPE,URI,URI_DESC,USE_YN,REG_ID,REG_DT,UPD_ID,UPD_DT) VALUES ('COM0108','POST','/api/common/role',NULL,'Y','SMARTWCS','2022-11-18 15:33:54','SMARTWCS','2022-11-18 15:33:54');
INSERT INTO wcsdb.TB_COM_METHOD_MST (MENU_ID,METHOD_TYPE,URI,URI_DESC,USE_YN,REG_ID,REG_DT,UPD_ID,UPD_DT) VALUES ('COM0108','POST','/api/common/roleMenu',NULL,'Y','SMARTWCS','2022-11-18 15:33:54','SMARTWCS','2022-11-18 15:33:54');
INSERT INTO wcsdb.TB_COM_METHOD_MST (MENU_ID,METHOD_TYPE,URI,URI_DESC,USE_YN,REG_ID,REG_DT,UPD_ID,UPD_DT) VALUES ('COM0108','PUT','/api/common/role/id',NULL,'Y','SMARTWCS','2022-11-18 15:33:54','SMARTWCS','2022-11-18 15:33:54');
INSERT INTO wcsdb.TB_COM_METHOD_MST (MENU_ID,METHOD_TYPE,URI,URI_DESC,USE_YN,REG_ID,REG_DT,UPD_ID,UPD_DT) VALUES ('COM0110','GET','/api/common/user/tenantCntrUser',NULL,'Y','SMARTWCS','2022-11-22 16:32:00','SMARTWCS','2022-11-22 16:32:00');
INSERT INTO wcsdb.TB_COM_METHOD_MST (MENU_ID,METHOD_TYPE,URI,URI_DESC,USE_YN,REG_ID,REG_DT,UPD_ID,UPD_DT) VALUES ('COM0110','GET','/api/common/user/tenantCntrUser/excelDownload',NULL,'Y','SMARTWCS','2022-11-22 17:04:48','SMARTWCS','2022-11-22 17:04:48');
INSERT INTO wcsdb.TB_COM_METHOD_MST (MENU_ID,METHOD_TYPE,URI,URI_DESC,USE_YN,REG_ID,REG_DT,UPD_ID,UPD_DT) VALUES ('COM0110','POST','/api/common/user/tenantCntrUser',NULL,'Y','SMARTWCS','2022-11-22 16:32:00','SMARTWCS','2022-11-22 16:32:00');
INSERT INTO wcsdb.TB_COM_METHOD_MST (MENU_ID,METHOD_TYPE,URI,URI_DESC,USE_YN,REG_ID,REG_DT,UPD_ID,UPD_DT) VALUES ('COM0110','PUT','/api/common/user/tenantCntrUser/id',NULL,'Y','SMARTWCS','2022-11-22 16:32:00','SMARTWCS','2022-11-22 16:32:00');
INSERT INTO wcsdb.TB_COM_METHOD_MST (MENU_ID,METHOD_TYPE,URI,URI_DESC,USE_YN,REG_ID,REG_DT,UPD_ID,UPD_DT) VALUES ('COM0201','GET','/api/common/eqp',NULL,'Y','SMARTWCS','2022-11-18 17:34:03','SMARTWCS','2022-11-18 17:34:03');
INSERT INTO wcsdb.TB_COM_METHOD_MST (MENU_ID,METHOD_TYPE,URI,URI_DESC,USE_YN,REG_ID,REG_DT,UPD_ID,UPD_DT) VALUES ('COM0201','GET','/api/common/port',NULL,'Y','SMARTWCS','2022-11-18 17:35:19','SMARTWCS','2022-11-18 17:35:19');
INSERT INTO wcsdb.TB_COM_METHOD_MST (MENU_ID,METHOD_TYPE,URI,URI_DESC,USE_YN,REG_ID,REG_DT,UPD_ID,UPD_DT) VALUES ('COM0201','GET','/api/common/port/excelDownload',NULL,'Y','SMARTWCS','2022-11-22 17:04:48','SMARTWCS','2022-11-22 17:04:48');
INSERT INTO wcsdb.TB_COM_METHOD_MST (MENU_ID,METHOD_TYPE,URI,URI_DESC,USE_YN,REG_ID,REG_DT,UPD_ID,UPD_DT) VALUES ('COM0201','POST','/api/common/port',NULL,'Y','SMARTWCS','2022-11-18 17:35:19','SMARTWCS','2022-11-18 17:35:19');
INSERT INTO wcsdb.TB_COM_METHOD_MST (MENU_ID,METHOD_TYPE,URI,URI_DESC,USE_YN,REG_ID,REG_DT,UPD_ID,UPD_DT) VALUES ('COM0201','PUT','/api/common/port/id',NULL,'Y','SMARTWCS','2022-11-18 17:35:19','SMARTWCS','2022-11-18 17:35:19');
INSERT INTO wcsdb.TB_COM_METHOD_MST (MENU_ID,METHOD_TYPE,URI,URI_DESC,USE_YN,REG_ID,REG_DT,UPD_ID,UPD_DT) VALUES ('PRS0101','POST','/api/bin/checkTaskAndCancel','','Y','SMARTWCS','2022-11-23 17:15:09','SMARTWCS','2022-11-23 17:15:09');
INSERT INTO wcsdb.TB_COM_METHOD_MST (MENU_ID,METHOD_TYPE,URI,URI_DESC,USE_YN,REG_ID,REG_DT,UPD_ID,UPD_DT) VALUES ('PRS0101','POST','/api/bin/getBinDividerStatus','','Y','SMARTWCS','2022-11-23 17:15:09','SMARTWCS','2022-11-23 17:15:09');
INSERT INTO wcsdb.TB_COM_METHOD_MST (MENU_ID,METHOD_TYPE,URI,URI_DESC,USE_YN,REG_ID,REG_DT,UPD_ID,UPD_DT) VALUES ('PRS0101','POST','/api/bin/getBinType','','Y','SMARTWCS','2022-11-23 17:15:09','SMARTWCS','2022-11-23 17:15:09');
INSERT INTO wcsdb.TB_COM_METHOD_MST (MENU_ID,METHOD_TYPE,URI,URI_DESC,USE_YN,REG_ID,REG_DT,UPD_ID,UPD_DT) VALUES ('PRS0101','POST','/api/bin/getContentAndCloseBin','','Y','SMARTWCS','2022-11-23 17:15:09','SMARTWCS','2022-11-23 17:15:09');
INSERT INTO wcsdb.TB_COM_METHOD_MST (MENU_ID,METHOD_TYPE,URI,URI_DESC,USE_YN,REG_ID,REG_DT,UPD_ID,UPD_DT) VALUES ('PRS0101','POST','/api/bin/getContentAndUpdateBin','','Y','SMARTWCS','2022-11-23 17:15:09','SMARTWCS','2022-11-23 17:15:09');
INSERT INTO wcsdb.TB_COM_METHOD_MST (MENU_ID,METHOD_TYPE,URI,URI_DESC,USE_YN,REG_ID,REG_DT,UPD_ID,UPD_DT) VALUES ('PRS0101','POST','/api/bin/interfaceBinAbnorm','','Y','SMARTWCS','2022-11-23 17:15:09','SMARTWCS','2022-11-23 17:15:09');
INSERT INTO wcsdb.TB_COM_METHOD_MST (MENU_ID,METHOD_TYPE,URI,URI_DESC,USE_YN,REG_ID,REG_DT,UPD_ID,UPD_DT) VALUES ('PRS0101','POST','/api/bin/saveAbnormBin','','Y','SMARTWCS','2022-11-23 17:15:09','SMARTWCS','2022-11-23 17:15:09');
INSERT INTO wcsdb.TB_COM_METHOD_MST (MENU_ID,METHOD_TYPE,URI,URI_DESC,USE_YN,REG_ID,REG_DT,UPD_ID,UPD_DT) VALUES ('PRS0101','POST','/api/bin/saveExceptBin','','Y','SMARTWCS','2022-11-23 17:15:09','SMARTWCS','2022-11-23 17:15:09');
INSERT INTO wcsdb.TB_COM_METHOD_MST (MENU_ID,METHOD_TYPE,URI,URI_DESC,USE_YN,REG_ID,REG_DT,UPD_ID,UPD_DT) VALUES ('PRS0101','POST','/api/inbdList/cancelAllPortAssigned','','Y','SMARTWCS','2022-11-22 17:14:20','SMARTWCS','2022-11-22 17:14:20');
INSERT INTO wcsdb.TB_COM_METHOD_MST (MENU_ID,METHOD_TYPE,URI,URI_DESC,USE_YN,REG_ID,REG_DT,UPD_ID,UPD_DT) VALUES ('PRS0101','POST','/api/inbdList/checkPortAssigned','','Y','SMARTWCS','2022-11-22 17:14:20','SMARTWCS','2022-11-22 17:14:20');
INSERT INTO wcsdb.TB_COM_METHOD_MST (MENU_ID,METHOD_TYPE,URI,URI_DESC,USE_YN,REG_ID,REG_DT,UPD_ID,UPD_DT) VALUES ('PRS0101','POST','/api/inbdList/closeOpenPortAndGetInbdList','','Y','SMARTWCS','2022-11-22 17:14:20','SMARTWCS','2022-11-22 17:14:20');
INSERT INTO wcsdb.TB_COM_METHOD_MST (MENU_ID,METHOD_TYPE,URI,URI_DESC,USE_YN,REG_ID,REG_DT,UPD_ID,UPD_DT) VALUES ('PRS0101','POST','/api/inbdList/getInbdList','','Y','SMARTWCS','2022-11-22 17:14:20','SMARTWCS','2022-11-22 17:14:20');
INSERT INTO wcsdb.TB_COM_METHOD_MST (MENU_ID,METHOD_TYPE,URI,URI_DESC,USE_YN,REG_ID,REG_DT,UPD_ID,UPD_DT) VALUES ('PRS0101','POST','/api/inbdList/scanInbdLis','','Y','SMARTWCS','2022-11-22 17:14:20','SMARTWCS','2022-11-22 17:14:20');
INSERT INTO wcsdb.TB_COM_METHOD_MST (MENU_ID,METHOD_TYPE,URI,URI_DESC,USE_YN,REG_ID,REG_DT,UPD_ID,UPD_DT) VALUES ('PRS0101','POST','/api/inbdList/updatePortAssigned','','Y','SMARTWCS','2022-11-22 17:14:20','SMARTWCS','2022-11-22 17:14:20');
INSERT INTO wcsdb.TB_COM_METHOD_MST (MENU_ID,METHOD_TYPE,URI,URI_DESC,USE_YN,REG_ID,REG_DT,UPD_ID,UPD_DT) VALUES ('PRS0101','POST','/api/inbdWork/closeOpenPortBinAndGetInbdDetail','','Y','SMARTWCS','2022-11-22 17:16:29','SMARTWCS','2022-11-22 17:16:29');
INSERT INTO wcsdb.TB_COM_METHOD_MST (MENU_ID,METHOD_TYPE,URI,URI_DESC,USE_YN,REG_ID,REG_DT,UPD_ID,UPD_DT) VALUES ('PRS0101','POST','/api/inbdWork/completeInbd','','Y','SMARTWCS','2022-11-22 17:16:29','SMARTWCS','2022-11-22 17:16:29');
INSERT INTO wcsdb.TB_COM_METHOD_MST (MENU_ID,METHOD_TYPE,URI,URI_DESC,USE_YN,REG_ID,REG_DT,UPD_ID,UPD_DT) VALUES ('PRS0101','POST','/api/inbdWork/getInbdDetail','','Y','SMARTWCS','2022-11-22 17:16:29','SMARTWCS','2022-11-22 17:16:29');
INSERT INTO wcsdb.TB_COM_METHOD_MST (MENU_ID,METHOD_TYPE,URI,URI_DESC,USE_YN,REG_ID,REG_DT,UPD_ID,UPD_DT) VALUES ('PRS0101','POST','/api/inbdWork/interfaceInbd','','Y','SMARTWCS','2022-11-22 17:16:29','SMARTWCS','2022-11-22 17:16:29');
INSERT INTO wcsdb.TB_COM_METHOD_MST (MENU_ID,METHOD_TYPE,URI,URI_DESC,USE_YN,REG_ID,REG_DT,UPD_ID,UPD_DT) VALUES ('PRS0101','POST','/api/inbdWork/openBinAndGetInbdDetail','','Y','SMARTWCS','2022-11-22 17:16:29','SMARTWCS','2022-11-22 17:16:29');
INSERT INTO wcsdb.TB_COM_METHOD_MST (MENU_ID,METHOD_TYPE,URI,URI_DESC,USE_YN,REG_ID,REG_DT,UPD_ID,UPD_DT) VALUES ('PRS0101','POST','/as/closeBin','','Y','SMARTWCS','2022-11-22 18:10:00','SMARTWCS','2022-11-22 18:10:00');
INSERT INTO wcsdb.TB_COM_METHOD_MST (MENU_ID,METHOD_TYPE,URI,URI_DESC,USE_YN,REG_ID,REG_DT,UPD_ID,UPD_DT) VALUES ('PRS0101','POST','/as/closePort','','Y','SMARTWCS','2022-11-22 18:10:00','SMARTWCS','2022-11-22 18:10:00');
INSERT INTO wcsdb.TB_COM_METHOD_MST (MENU_ID,METHOD_TYPE,URI,URI_DESC,USE_YN,REG_ID,REG_DT,UPD_ID,UPD_DT) VALUES ('PRS0101','POST','/as/getBinState','','Y','SMARTWCS','2022-11-22 18:10:00','SMARTWCS','2022-11-22 18:10:00');
INSERT INTO wcsdb.TB_COM_METHOD_MST (MENU_ID,METHOD_TYPE,URI,URI_DESC,USE_YN,REG_ID,REG_DT,UPD_ID,UPD_DT) VALUES ('PRS0102','POST','/api/bin/checkTaskAndCancel','','Y','SMARTWCS','2022-11-23 17:15:36','SMARTWCS','2022-11-23 17:15:36');
INSERT INTO wcsdb.TB_COM_METHOD_MST (MENU_ID,METHOD_TYPE,URI,URI_DESC,USE_YN,REG_ID,REG_DT,UPD_ID,UPD_DT) VALUES ('PRS0102','POST','/api/bin/getBinDividerStatus','','Y','SMARTWCS','2022-11-23 17:15:36','SMARTWCS','2022-11-23 17:15:36');
INSERT INTO wcsdb.TB_COM_METHOD_MST (MENU_ID,METHOD_TYPE,URI,URI_DESC,USE_YN,REG_ID,REG_DT,UPD_ID,UPD_DT) VALUES ('PRS0102','POST','/api/bin/getBinType','','Y','SMARTWCS','2022-11-23 17:15:36','SMARTWCS','2022-11-23 17:15:36');
INSERT INTO wcsdb.TB_COM_METHOD_MST (MENU_ID,METHOD_TYPE,URI,URI_DESC,USE_YN,REG_ID,REG_DT,UPD_ID,UPD_DT) VALUES ('PRS0102','POST','/api/bin/getContentAndCloseBin','','Y','SMARTWCS','2022-11-23 17:15:36','SMARTWCS','2022-11-23 17:15:36');
INSERT INTO wcsdb.TB_COM_METHOD_MST (MENU_ID,METHOD_TYPE,URI,URI_DESC,USE_YN,REG_ID,REG_DT,UPD_ID,UPD_DT) VALUES ('PRS0102','POST','/api/bin/getContentAndUpdateBin','','Y','SMARTWCS','2022-11-23 17:15:36','SMARTWCS','2022-11-23 17:15:36');
INSERT INTO wcsdb.TB_COM_METHOD_MST (MENU_ID,METHOD_TYPE,URI,URI_DESC,USE_YN,REG_ID,REG_DT,UPD_ID,UPD_DT) VALUES ('PRS0102','POST','/api/bin/interfaceBinAbnorm','','Y','SMARTWCS','2022-11-23 17:15:36','SMARTWCS','2022-11-23 17:15:36');
INSERT INTO wcsdb.TB_COM_METHOD_MST (MENU_ID,METHOD_TYPE,URI,URI_DESC,USE_YN,REG_ID,REG_DT,UPD_ID,UPD_DT) VALUES ('PRS0102','POST','/api/bin/saveAbnormBin','','Y','SMARTWCS','2022-11-23 17:15:36','SMARTWCS','2022-11-23 17:15:36');
INSERT INTO wcsdb.TB_COM_METHOD_MST (MENU_ID,METHOD_TYPE,URI,URI_DESC,USE_YN,REG_ID,REG_DT,UPD_ID,UPD_DT) VALUES ('PRS0102','POST','/api/bin/saveExceptBin','','Y','SMARTWCS','2022-11-23 17:15:36','SMARTWCS','2022-11-23 17:15:36');
INSERT INTO wcsdb.TB_COM_METHOD_MST (MENU_ID,METHOD_TYPE,URI,URI_DESC,USE_YN,REG_ID,REG_DT,UPD_ID,UPD_DT) VALUES ('PRS0102','POST','/api/obndList/closeOpenPortAndGetObndList','','Y','SMARTWCS','2022-11-22 17:23:31','SMARTWCS','2022-11-22 17:23:31');
INSERT INTO wcsdb.TB_COM_METHOD_MST (MENU_ID,METHOD_TYPE,URI,URI_DESC,USE_YN,REG_ID,REG_DT,UPD_ID,UPD_DT) VALUES ('PRS0102','POST','/api/obndList/getObndDetailList','','Y','SMARTWCS','2022-11-22 17:23:31','SMARTWCS','2022-11-22 17:23:31');
INSERT INTO wcsdb.TB_COM_METHOD_MST (MENU_ID,METHOD_TYPE,URI,URI_DESC,USE_YN,REG_ID,REG_DT,UPD_ID,UPD_DT) VALUES ('PRS0102','POST','/api/obndList/getObndList','','Y','SMARTWCS','2022-11-22 17:23:31','SMARTWCS','2022-11-22 17:23:31');
INSERT INTO wcsdb.TB_COM_METHOD_MST (MENU_ID,METHOD_TYPE,URI,URI_DESC,USE_YN,REG_ID,REG_DT,UPD_ID,UPD_DT) VALUES ('PRS0102','POST','/api/obndWork/completeObnd','','Y','SMARTWCS','2022-11-22 17:25:49','SMARTWCS','2022-11-22 17:25:49');
INSERT INTO wcsdb.TB_COM_METHOD_MST (MENU_ID,METHOD_TYPE,URI,URI_DESC,USE_YN,REG_ID,REG_DT,UPD_ID,UPD_DT) VALUES ('PRS0102','POST','/api/obndWork/getObndDetail','','Y','SMARTWCS','2022-11-22 17:25:49','SMARTWCS','2022-11-22 17:25:49');
INSERT INTO wcsdb.TB_COM_METHOD_MST (MENU_ID,METHOD_TYPE,URI,URI_DESC,USE_YN,REG_ID,REG_DT,UPD_ID,UPD_DT) VALUES ('PRS0102','POST','/api/obndWork/getToteValidation','','Y','SMARTWCS','2022-11-22 17:25:49','SMARTWCS','2022-11-22 17:25:49');
INSERT INTO wcsdb.TB_COM_METHOD_MST (MENU_ID,METHOD_TYPE,URI,URI_DESC,USE_YN,REG_ID,REG_DT,UPD_ID,UPD_DT) VALUES ('PRS0102','POST','/api/obndWork/interfaceObnd','','Y','SMARTWCS','2022-11-22 17:25:49','SMARTWCS','2022-11-22 17:25:49');
INSERT INTO wcsdb.TB_COM_METHOD_MST (MENU_ID,METHOD_TYPE,URI,URI_DESC,USE_YN,REG_ID,REG_DT,UPD_ID,UPD_DT) VALUES ('PRS0102','POST','/api/obndWork/offLight','','Y','SMARTWCS','2022-11-22 17:25:49','SMARTWCS','2022-11-22 17:25:49');
INSERT INTO wcsdb.TB_COM_METHOD_MST (MENU_ID,METHOD_TYPE,URI,URI_DESC,USE_YN,REG_ID,REG_DT,UPD_ID,UPD_DT) VALUES ('PRS0102','POST','/api/obndWork/onLight','','Y','SMARTWCS','2022-11-22 17:25:49','SMARTWCS','2022-11-22 17:25:49');
INSERT INTO wcsdb.TB_COM_METHOD_MST (MENU_ID,METHOD_TYPE,URI,URI_DESC,USE_YN,REG_ID,REG_DT,UPD_ID,UPD_DT) VALUES ('PRS0102','POST','/api/obndWork/openBinAndGetObndDetail','','Y','SMARTWCS','2022-11-22 17:25:49','SMARTWCS','2022-11-22 17:25:49');
INSERT INTO wcsdb.TB_COM_METHOD_MST (MENU_ID,METHOD_TYPE,URI,URI_DESC,USE_YN,REG_ID,REG_DT,UPD_ID,UPD_DT) VALUES ('PRS0103','POST','/api/bin/checkTaskAndCancel','','Y','SMARTWCS','2022-11-23 17:15:36','SMARTWCS','2022-11-23 17:15:36');
INSERT INTO wcsdb.TB_COM_METHOD_MST (MENU_ID,METHOD_TYPE,URI,URI_DESC,USE_YN,REG_ID,REG_DT,UPD_ID,UPD_DT) VALUES ('PRS0103','POST','/api/bin/getBinDividerStatus','','Y','SMARTWCS','2022-11-23 17:15:36','SMARTWCS','2022-11-23 17:15:36');
INSERT INTO wcsdb.TB_COM_METHOD_MST (MENU_ID,METHOD_TYPE,URI,URI_DESC,USE_YN,REG_ID,REG_DT,UPD_ID,UPD_DT) VALUES ('PRS0103','POST','/api/bin/getBinType','','Y','SMARTWCS','2022-11-23 17:15:36','SMARTWCS','2022-11-23 17:15:36');
INSERT INTO wcsdb.TB_COM_METHOD_MST (MENU_ID,METHOD_TYPE,URI,URI_DESC,USE_YN,REG_ID,REG_DT,UPD_ID,UPD_DT) VALUES ('PRS0103','POST','/api/bin/getContentAndCloseBin','','Y','SMARTWCS','2022-11-23 17:15:36','SMARTWCS','2022-11-23 17:15:36');
INSERT INTO wcsdb.TB_COM_METHOD_MST (MENU_ID,METHOD_TYPE,URI,URI_DESC,USE_YN,REG_ID,REG_DT,UPD_ID,UPD_DT) VALUES ('PRS0103','POST','/api/bin/getContentAndUpdateBin','','Y','SMARTWCS','2022-11-23 17:15:36','SMARTWCS','2022-11-23 17:15:36');
INSERT INTO wcsdb.TB_COM_METHOD_MST (MENU_ID,METHOD_TYPE,URI,URI_DESC,USE_YN,REG_ID,REG_DT,UPD_ID,UPD_DT) VALUES ('PRS0103','POST','/api/bin/interfaceBinAbnorm','','Y','SMARTWCS','2022-11-23 17:15:36','SMARTWCS','2022-11-23 17:15:36');
INSERT INTO wcsdb.TB_COM_METHOD_MST (MENU_ID,METHOD_TYPE,URI,URI_DESC,USE_YN,REG_ID,REG_DT,UPD_ID,UPD_DT) VALUES ('PRS0103','POST','/api/bin/saveAbnormBin','','Y','SMARTWCS','2022-11-23 17:15:36','SMARTWCS','2022-11-23 17:15:36');
INSERT INTO wcsdb.TB_COM_METHOD_MST (MENU_ID,METHOD_TYPE,URI,URI_DESC,USE_YN,REG_ID,REG_DT,UPD_ID,UPD_DT) VALUES ('PRS0103','POST','/api/bin/saveExceptBin','','Y','SMARTWCS','2022-11-23 17:15:36','SMARTWCS','2022-11-23 17:15:36');
INSERT INTO wcsdb.TB_COM_METHOD_MST (MENU_ID,METHOD_TYPE,URI,URI_DESC,USE_YN,REG_ID,REG_DT,UPD_ID,UPD_DT) VALUES ('PRS0103','POST','/api/sttkList/closeOpenPortAndGetSttkList','','Y','SMARTWCS','2022-11-22 17:28:06','SMARTWCS','2022-11-22 17:28:06');
INSERT INTO wcsdb.TB_COM_METHOD_MST (MENU_ID,METHOD_TYPE,URI,URI_DESC,USE_YN,REG_ID,REG_DT,UPD_ID,UPD_DT) VALUES ('PRS0103','POST','/api/sttkList/getSttkDetailList','','Y','SMARTWCS','2022-11-22 17:28:06','SMARTWCS','2022-11-22 17:28:06');
INSERT INTO wcsdb.TB_COM_METHOD_MST (MENU_ID,METHOD_TYPE,URI,URI_DESC,USE_YN,REG_ID,REG_DT,UPD_ID,UPD_DT) VALUES ('PRS0103','POST','/api/sttkList/getSttkList','','Y','SMARTWCS','2022-11-22 17:28:06','SMARTWCS','2022-11-22 17:28:06');
INSERT INTO wcsdb.TB_COM_METHOD_MST (MENU_ID,METHOD_TYPE,URI,URI_DESC,USE_YN,REG_ID,REG_DT,UPD_ID,UPD_DT) VALUES ('PRS0103','POST','/api/sttkWork/completeSttk','','Y','SMARTWCS','2022-11-22 17:29:16','SMARTWCS','2022-11-22 17:29:16');
INSERT INTO wcsdb.TB_COM_METHOD_MST (MENU_ID,METHOD_TYPE,URI,URI_DESC,USE_YN,REG_ID,REG_DT,UPD_ID,UPD_DT) VALUES ('PRS0103','POST','/api/sttkWork/completeSttkAndCloseBin','','Y','SMARTWCS','2022-11-22 17:29:16','SMARTWCS','2022-11-22 17:29:16');
INSERT INTO wcsdb.TB_COM_METHOD_MST (MENU_ID,METHOD_TYPE,URI,URI_DESC,USE_YN,REG_ID,REG_DT,UPD_ID,UPD_DT) VALUES ('PRS0103','POST','/api/sttkWork/getSttkDetail','','Y','SMARTWCS','2022-11-22 17:29:16','SMARTWCS','2022-11-22 17:29:16');
INSERT INTO wcsdb.TB_COM_METHOD_MST (MENU_ID,METHOD_TYPE,URI,URI_DESC,USE_YN,REG_ID,REG_DT,UPD_ID,UPD_DT) VALUES ('PRS0103','POST','/api/sttkWork/interfaceSttk','','Y','SMARTWCS','2022-11-22 17:29:16','SMARTWCS','2022-11-22 17:29:16');
INSERT INTO wcsdb.TB_COM_METHOD_MST (MENU_ID,METHOD_TYPE,URI,URI_DESC,USE_YN,REG_ID,REG_DT,UPD_ID,UPD_DT) VALUES ('PRS0103','POST','/api/sttkWork/openBinAndGetSttkDetail','','Y','SMARTWCS','2022-11-22 17:29:16','SMARTWCS','2022-11-22 17:29:16');
INSERT INTO wcsdb.TB_COM_TENANT_MST (CO_CD,CO_NM,USE_YN,TENANT_ICON,ADDR,TEL_NO,TENANT_EMAIL,CONTR_STRT_YMD,CONTR_END_YMD,BKGD_COLOR,SORT_SEQ,REG_ID,REG_DT,UPD_ID,UPD_DT) VALUES ('LGWCS','LGWCS','Y','lgcns-logo.png','[NULL]','[NULL]','[NULL]','[NULL]','[NULL]','[NULL]',0,'SMARTWCS','2022-04-06 07:02:08','SMARTWCS','2022-04-06 07:02:08');
INSERT INTO wcsdb.TB_COM_USER_MST (USER_ID,CO_CD,CNTR_CD,USER_NM,PWD,SALT,USER_LVL,ROLE_CD,PWD_INIT_YN,PWD_CHG_DT,LOGIN_DT,FIRST_LOGIN_DT,LOGOUT_DT,LOGIN_FAIL_CNT,LOGIN_YN,USE_YN,KIOSK_YN,REG_ID,REG_DT,UPD_ID,UPD_DT) VALUES ('ADMIN','LGWCS','LGWCS','RaaS ADMIN','00d067cb0bf3cc8c075627ba09fb98600cfb16feec82e9fe4a640c08f0f8b380','a950e8fa5f480a5d',1,NULL,'N','2022-11-11 11:10:37','2022-12-13 09:57:23','2022-05-27 17:34:42','2022-12-13 09:57:11',0,'Y','Y','N','SMART','2022-04-14 13:22:46','ADMIN','2022-12-13 09:57:23');
